file,line,type,commit,author,date,time,timezone,datetime,depth,length
style.css,1,css,9b58013f,t6chow,2025-01-24,22:40:06,-08:00,2025-01-24T22:40:06-08:00,0,6
style.css,2,css,9b58013f,t6chow,2025-01-24,22:40:06,-08:00,2025-01-24T22:40:06-08:00,0,63
style.css,3,css,9b58013f,t6chow,2025-01-24,22:40:06,-08:00,2025-01-24T22:40:06-08:00,0,0
style.css,4,css,9b58013f,t6chow,2025-01-24,22:40:06,-08:00,2025-01-24T22:40:06-08:00,0,0
style.css,5,css,9b58013f,t6chow,2025-01-24,22:40:06,-08:00,2025-01-24T22:40:06-08:00,0,5
style.css,6,css,9b58013f,t6chow,2025-01-24,22:40:06,-08:00,2025-01-24T22:40:06-08:00,0,33
style.css,7,css,bbf2cf86,t6chow,2025-01-25,04:00:12,-08:00,2025-01-25T04:00:12-08:00,0,24
style.css,8,css,9b58013f,t6chow,2025-01-24,22:40:06,-08:00,2025-01-24T22:40:06-08:00,0,0
style.css,9,css,9b58013f,t6chow,2025-01-24,22:40:06,-08:00,2025-01-24T22:40:06-08:00,0,0
style.css,10,css,bbf2cf86,t6chow,2025-01-25,04:00:12,-08:00,2025-01-25T04:00:12-08:00,0,14
style.css,11,css,bbf2cf86,t6chow,2025-01-25,04:00:12,-08:00,2025-01-25T04:00:12-08:00,0,70
style.css,12,css,bbf2cf86,t6chow,2025-01-25,04:00:12,-08:00,2025-01-25T04:00:12-08:00,0,48
style.css,13,css,bbf2cf86,t6chow,2025-01-25,04:00:12,-08:00,2025-01-25T04:00:12-08:00,0,52
style.css,14,css,bbf2cf86,t6chow,2025-01-25,04:00:12,-08:00,2025-01-25T04:00:12-08:00,0,51
style.css,15,css,bbf2cf86,t6chow,2025-01-25,04:00:12,-08:00,2025-01-25T04:00:12-08:00,0,69
style.css,16,css,bbf2cf86,t6chow,2025-01-25,04:00:12,-08:00,2025-01-25T04:00:12-08:00,0,0
style.css,17,css,9b58013f,t6chow,2025-01-24,22:40:06,-08:00,2025-01-24T22:40:06-08:00,0,0
style.css,18,css,aa48e6c7,t6chow,2025-01-20,11:41:28,-08:00,2025-01-20T11:41:28-08:00,0,5
style.css,19,css,05325e22,t6chow,2025-01-25,04:23:49,-08:00,2025-01-25T04:23:49-08:00,0,70
style.css,20,css,05325e22,t6chow,2025-01-25,04:23:49,-08:00,2025-01-25T04:23:49-08:00,0,49
style.css,21,css,9b58013f,t6chow,2025-01-24,22:40:06,-08:00,2025-01-24T22:40:06-08:00,0,16
style.css,22,css,9b58013f,t6chow,2025-01-24,22:40:06,-08:00,2025-01-24T22:40:06-08:00,0,19
style.css,23,css,9b58013f,t6chow,2025-01-24,22:40:06,-08:00,2025-01-24T22:40:06-08:00,0,15
style.css,24,css,aa48e6c7,t6chow,2025-01-20,11:41:28,-08:00,2025-01-20T11:41:28-08:00,0,44
style.css,25,css,aa48e6c7,t6chow,2025-01-20,11:41:28,-08:00,2025-01-20T11:41:28-08:00,0,43
style.css,26,css,aa48e6c7,t6chow,2025-01-20,11:41:28,-08:00,2025-01-20T11:41:28-08:00,0,1
style.css,27,css,aa48e6c7,t6chow,2025-01-20,11:41:28,-08:00,2025-01-20T11:41:28-08:00,0,24
style.css,28,css,9b58013f,t6chow,2025-01-24,22:40:06,-08:00,2025-01-24T22:40:06-08:00,0,0
style.css,29,css,05325e22,t6chow,2025-01-25,04:23:49,-08:00,2025-01-25T04:23:49-08:00,0,0
style.css,30,css,05325e22,t6chow,2025-01-25,04:23:49,-08:00,2025-01-25T04:23:49-08:00,0,24
style.css,31,css,05325e22,t6chow,2025-01-25,04:23:49,-08:00,2025-01-25T04:23:49-08:00,0,65
style.css,32,css,05325e22,t6chow,2025-01-25,04:23:49,-08:00,2025-01-25T04:23:49-08:00,0,55
style.css,33,css,05325e22,t6chow,2025-01-25,04:23:49,-08:00,2025-01-25T04:23:49-08:00,0,0
style.css,34,css,05325e22,t6chow,2025-01-25,04:23:49,-08:00,2025-01-25T04:23:49-08:00,0,0
style.css,35,css,9b58013f,t6chow,2025-01-24,22:40:06,-08:00,2025-01-24T22:40:06-08:00,0,6
style.css,36,css,9b58013f,t6chow,2025-01-24,22:40:06,-08:00,2025-01-24T22:40:06-08:00,0,7
style.css,37,css,9b58013f,t6chow,2025-01-24,22:40:06,-08:00,2025-01-24T22:40:06-08:00,0,17
style.css,38,css,9b58013f,t6chow,2025-01-24,22:40:06,-08:00,2025-01-24T22:40:06-08:00,0,0
style.css,39,css,9b58013f,t6chow,2025-01-24,22:40:06,-08:00,2025-01-24T22:40:06-08:00,0,4
style.css,40,css,9b58013f,t6chow,2025-01-24,22:40:06,-08:00,2025-01-24T22:40:06-08:00,0,13
style.css,41,css,9b58013f,t6chow,2025-01-24,22:40:06,-08:00,2025-01-24T22:40:06-08:00,0,82
style.css,42,css,9b58013f,t6chow,2025-01-24,22:40:06,-08:00,2025-01-24T22:40:06-08:00,0,62
style.css,43,css,9b58013f,t6chow,2025-01-24,22:40:06,-08:00,2025-01-24T22:40:06-08:00,0,18
style.css,44,css,bbf2cf86,t6chow,2025-01-25,04:00:12,-08:00,2025-01-25T04:00:12-08:00,0,83
style.css,45,css,bbf2cf86,t6chow,2025-01-25,04:00:12,-08:00,2025-01-25T04:00:12-08:00,0,92
style.css,46,css,bbf2cf86,t6chow,2025-01-25,04:00:12,-08:00,2025-01-25T04:00:12-08:00,0,17
style.css,47,css,9b58013f,t6chow,2025-01-24,22:40:06,-08:00,2025-01-24T22:40:06-08:00,0,0
style.css,48,css,9b58013f,t6chow,2025-01-24,22:40:06,-08:00,2025-01-24T22:40:06-08:00,0,6
style.css,49,css,9b58013f,t6chow,2025-01-24,22:40:06,-08:00,2025-01-24T22:40:06-08:00,0,48
style.css,50,css,9b58013f,t6chow,2025-01-24,22:40:06,-08:00,2025-01-24T22:40:06-08:00,0,57
style.css,51,css,9b58013f,t6chow,2025-01-24,22:40:06,-08:00,2025-01-24T22:40:06-08:00,0,56
style.css,52,css,9b58013f,t6chow,2025-01-24,22:40:06,-08:00,2025-01-24T22:40:06-08:00,0,55
style.css,53,css,9b58013f,t6chow,2025-01-24,22:40:06,-08:00,2025-01-24T22:40:06-08:00,0,40
style.css,54,css,9b58013f,t6chow,2025-01-24,22:40:06,-08:00,2025-01-24T22:40:06-08:00,0,0
style.css,55,css,9b58013f,t6chow,2025-01-24,22:40:06,-08:00,2025-01-24T22:40:06-08:00,0,0
style.css,56,css,9b58013f,t6chow,2025-01-24,22:40:06,-08:00,2025-01-24T22:40:06-08:00,0,14
style.css,57,css,9b58013f,t6chow,2025-01-24,22:40:06,-08:00,2025-01-24T22:40:06-08:00,0,72
style.css,58,css,9b58013f,t6chow,2025-01-24,22:40:06,-08:00,2025-01-24T22:40:06-08:00,0,21
style.css,59,css,9b58013f,t6chow,2025-01-24,22:40:06,-08:00,2025-01-24T22:40:06-08:00,0,0
style.css,60,css,9b58013f,t6chow,2025-01-24,22:40:06,-08:00,2025-01-24T22:40:06-08:00,0,0
style.css,61,css,9b58013f,t6chow,2025-01-24,22:40:06,-08:00,2025-01-24T22:40:06-08:00,0,12
style.css,62,css,bbf2cf86,t6chow,2025-01-25,04:00:12,-08:00,2025-01-25T04:00:12-08:00,0,70
style.css,63,css,9b58013f,t6chow,2025-01-24,22:40:06,-08:00,2025-01-24T22:40:06-08:00,0,81
style.css,64,css,9b58013f,t6chow,2025-01-24,22:40:06,-08:00,2025-01-24T22:40:06-08:00,0,21
style.css,65,css,9b58013f,t6chow,2025-01-24,22:40:06,-08:00,2025-01-24T22:40:06-08:00,0,0
style.css,66,css,9b58013f,t6chow,2025-01-24,22:40:06,-08:00,2025-01-24T22:40:06-08:00,0,0
style.css,67,css,9b58013f,t6chow,2025-01-24,22:40:06,-08:00,2025-01-24T22:40:06-08:00,0,3
style.css,68,css,9b58013f,t6chow,2025-01-24,22:40:06,-08:00,2025-01-24T22:40:06-08:00,0,43
style.css,69,css,9b58013f,t6chow,2025-01-24,22:40:06,-08:00,2025-01-24T22:40:06-08:00,0,58
style.css,70,css,9b58013f,t6chow,2025-01-24,22:40:06,-08:00,2025-01-24T22:40:06-08:00,0,0
style.css,71,css,9b58013f,t6chow,2025-01-24,22:40:06,-08:00,2025-01-24T22:40:06-08:00,0,0
style.css,72,css,9b58013f,t6chow,2025-01-24,22:40:06,-08:00,2025-01-24T22:40:06-08:00,0,23
style.css,73,css,9b58013f,t6chow,2025-01-24,22:40:06,-08:00,2025-01-24T22:40:06-08:00,0,75
style.css,74,css,9b58013f,t6chow,2025-01-24,22:40:06,-08:00,2025-01-24T22:40:06-08:00,0,75
style.css,75,css,9b58013f,t6chow,2025-01-24,22:40:06,-08:00,2025-01-24T22:40:06-08:00,0,0
style.css,76,css,9b58013f,t6chow,2025-01-24,22:40:06,-08:00,2025-01-24T22:40:06-08:00,0,0
style.css,77,css,9b58013f,t6chow,2025-01-24,22:40:06,-08:00,2025-01-24T22:40:06-08:00,0,14
style.css,78,css,9b58013f,t6chow,2025-01-24,22:40:06,-08:00,2025-01-24T22:40:06-08:00,0,13
style.css,79,css,9b58013f,t6chow,2025-01-24,22:40:06,-08:00,2025-01-24T22:40:06-08:00,0,124
style.css,80,css,9b58013f,t6chow,2025-01-24,22:40:06,-08:00,2025-01-24T22:40:06-08:00,0,55
style.css,81,css,9b58013f,t6chow,2025-01-24,22:40:06,-08:00,2025-01-24T22:40:06-08:00,0,0
style.css,82,css,9b58013f,t6chow,2025-01-24,22:40:06,-08:00,2025-01-24T22:40:06-08:00,0,0
style.css,83,css,9b58013f,t6chow,2025-01-24,22:40:06,-08:00,2025-01-24T22:40:06-08:00,0,15
style.css,84,css,9b58013f,t6chow,2025-01-24,22:40:06,-08:00,2025-01-24T22:40:06-08:00,0,51
style.css,85,css,9b58013f,t6chow,2025-01-24,22:40:06,-08:00,2025-01-24T22:40:06-08:00,0,66
style.css,86,css,9b58013f,t6chow,2025-01-24,22:40:06,-08:00,2025-01-24T22:40:06-08:00,0,65
style.css,87,css,9b58013f,t6chow,2025-01-24,22:40:06,-08:00,2025-01-24T22:40:06-08:00,0,0
style.css,88,css,9b58013f,t6chow,2025-01-24,22:40:06,-08:00,2025-01-24T22:40:06-08:00,0,0
style.css,89,css,9b58013f,t6chow,2025-01-24,22:40:06,-08:00,2025-01-24T22:40:06-08:00,0,25
style.css,90,css,9b58013f,t6chow,2025-01-24,22:40:06,-08:00,2025-01-24T22:40:06-08:00,0,71
style.css,91,css,9b58013f,t6chow,2025-01-24,22:40:06,-08:00,2025-01-24T22:40:06-08:00,0,69
style.css,92,css,9b58013f,t6chow,2025-01-24,22:40:06,-08:00,2025-01-24T22:40:06-08:00,0,42
style.css,93,css,9b58013f,t6chow,2025-01-24,22:40:06,-08:00,2025-01-24T22:40:06-08:00,0,48
style.css,94,css,9b58013f,t6chow,2025-01-24,22:40:06,-08:00,2025-01-24T22:40:06-08:00,0,69
style.css,95,css,05325e22,t6chow,2025-01-25,04:23:49,-08:00,2025-01-25T04:23:49-08:00,0,69
style.css,96,css,05325e22,t6chow,2025-01-25,04:23:49,-08:00,2025-01-25T04:23:49-08:00,0,0
style.css,97,css,05325e22,t6chow,2025-01-25,04:23:49,-08:00,2025-01-25T04:23:49-08:00,0,0
style.css,98,css,05325e22,t6chow,2025-01-25,04:23:49,-08:00,2025-01-25T04:23:49-08:00,0,39
style.css,99,css,05325e22,t6chow,2025-01-25,04:23:49,-08:00,2025-01-25T04:23:49-08:00,0,43
style.css,100,css,05325e22,t6chow,2025-01-25,04:23:49,-08:00,2025-01-25T04:23:49-08:00,0,93
style.css,101,css,05325e22,t6chow,2025-01-25,04:23:49,-08:00,2025-01-25T04:23:49-08:00,0,75
style.css,102,css,05325e22,t6chow,2025-01-25,04:23:49,-08:00,2025-01-25T04:23:49-08:00,0,0
style.css,103,css,05325e22,t6chow,2025-01-25,04:23:49,-08:00,2025-01-25T04:23:49-08:00,0,0
style.css,104,css,05325e22,t6chow,2025-01-25,04:23:49,-08:00,2025-01-25T04:23:49-08:00,0,38
style.css,105,css,05325e22,t6chow,2025-01-25,04:23:49,-08:00,2025-01-25T04:23:49-08:00,0,42
style.css,106,css,05325e22,t6chow,2025-01-25,04:23:49,-08:00,2025-01-25T04:23:49-08:00,0,90
style.css,107,css,05325e22,t6chow,2025-01-25,04:23:49,-08:00,2025-01-25T04:23:49-08:00,0,76
style.css,108,css,9b58013f,t6chow,2025-01-24,22:40:06,-08:00,2025-01-24T22:40:06-08:00,0,0
style.css,109,css,9b58013f,t6chow,2025-01-24,22:40:06,-08:00,2025-01-24T22:40:06-08:00,0,0
style.css,110,css,9b58013f,t6chow,2025-01-24,22:40:06,-08:00,2025-01-24T22:40:06-08:00,0,16
style.css,111,css,9b58013f,t6chow,2025-01-24,22:40:06,-08:00,2025-01-24T22:40:06-08:00,0,81
style.css,112,css,9b58013f,t6chow,2025-01-24,22:40:06,-08:00,2025-01-24T22:40:06-08:00,0,69
style.css,113,css,9b58013f,t6chow,2025-01-24,22:40:06,-08:00,2025-01-24T22:40:06-08:00,0,54
style.css,114,css,9b58013f,t6chow,2025-01-24,22:40:06,-08:00,2025-01-24T22:40:06-08:00,0,0
style.css,115,css,9b58013f,t6chow,2025-01-24,22:40:06,-08:00,2025-01-24T22:40:06-08:00,0,0
style.css,116,css,e215e898,t6chow,2025-01-31,23:44:29,-08:00,2025-01-31T23:44:29-08:00,0,18
style.css,117,css,9b58013f,t6chow,2025-01-24,22:40:06,-08:00,2025-01-24T22:40:06-08:00,0,13
style.css,118,css,9b58013f,t6chow,2025-01-24,22:40:06,-08:00,2025-01-24T22:40:06-08:00,0,59
style.css,119,css,9b58013f,t6chow,2025-01-24,22:40:06,-08:00,2025-01-24T22:40:06-08:00,0,9
style.css,120,css,9b58013f,t6chow,2025-01-24,22:40:06,-08:00,2025-01-24T22:40:06-08:00,0,0
style.css,121,css,9b58013f,t6chow,2025-01-24,22:40:06,-08:00,2025-01-24T22:40:06-08:00,0,0
style.css,122,css,9b58013f,t6chow,2025-01-24,22:40:06,-08:00,2025-01-24T22:40:06-08:00,0,17
style.css,123,css,9b58013f,t6chow,2025-01-24,22:40:06,-08:00,2025-01-24T22:40:06-08:00,0,26
style.css,124,css,9b58013f,t6chow,2025-01-24,22:40:06,-08:00,2025-01-24T22:40:06-08:00,0,16
style.css,125,css,9b58013f,t6chow,2025-01-24,22:40:06,-08:00,2025-01-24T22:40:06-08:00,0,8
style.css,126,css,9b58013f,t6chow,2025-01-24,22:40:06,-08:00,2025-01-24T22:40:06-08:00,0,0
style.css,127,css,9b58013f,t6chow,2025-01-24,22:40:06,-08:00,2025-01-24T22:40:06-08:00,0,12
style.css,128,css,9b58013f,t6chow,2025-01-24,22:40:06,-08:00,2025-01-24T22:40:06-08:00,0,9
style.css,129,css,9b58013f,t6chow,2025-01-24,22:40:06,-08:00,2025-01-24T22:40:06-08:00,0,0
style.css,130,css,9b58013f,t6chow,2025-01-24,22:40:06,-08:00,2025-01-24T22:40:06-08:00,0,18
style.css,131,css,9b58013f,t6chow,2025-01-24,22:40:06,-08:00,2025-01-24T22:40:06-08:00,0,13
style.css,132,css,9b58013f,t6chow,2025-01-24,22:40:06,-08:00,2025-01-24T22:40:06-08:00,0,79
style.css,133,css,9b58013f,t6chow,2025-01-24,22:40:06,-08:00,2025-01-24T22:40:06-08:00,0,53
style.css,134,css,9b58013f,t6chow,2025-01-24,22:40:06,-08:00,2025-01-24T22:40:06-08:00,0,0
style.css,135,css,9b58013f,t6chow,2025-01-24,22:40:06,-08:00,2025-01-24T22:40:06-08:00,0,21
style.css,136,css,9b58013f,t6chow,2025-01-24,22:40:06,-08:00,2025-01-24T22:40:06-08:00,0,57
style.css,137,css,9b58013f,t6chow,2025-01-24,22:40:06,-08:00,2025-01-24T22:40:06-08:00,0,0
style.css,138,css,9b58013f,t6chow,2025-01-24,22:40:06,-08:00,2025-01-24T22:40:06-08:00,0,0
style.css,139,css,9b58013f,t6chow,2025-01-24,22:40:06,-08:00,2025-01-24T22:40:06-08:00,0,22
style.css,140,css,9b58013f,t6chow,2025-01-24,22:40:06,-08:00,2025-01-24T22:40:06-08:00,0,50
style.css,141,css,9b58013f,t6chow,2025-01-24,22:40:06,-08:00,2025-01-24T22:40:06-08:00,0,0
style.css,142,css,9b58013f,t6chow,2025-01-24,22:40:06,-08:00,2025-01-24T22:40:06-08:00,0,0
style.css,143,css,9b58013f,t6chow,2025-01-24,22:40:06,-08:00,2025-01-24T22:40:06-08:00,0,0
style.css,144,css,9b58013f,t6chow,2025-01-24,22:40:06,-08:00,2025-01-24T22:40:06-08:00,0,0
style.css,145,css,9b58013f,t6chow,2025-01-24,22:40:06,-08:00,2025-01-24T22:40:06-08:00,0,20
style.css,146,css,9b58013f,t6chow,2025-01-24,22:40:06,-08:00,2025-01-24T22:40:06-08:00,0,58
style.css,147,css,9b58013f,t6chow,2025-01-24,22:40:06,-08:00,2025-01-24T22:40:06-08:00,0,0
style.css,148,css,9b58013f,t6chow,2025-01-24,22:40:06,-08:00,2025-01-24T22:40:06-08:00,0,0
style.css,149,css,0fba2348,t6chow,2025-01-24,23:28:48,-08:00,2025-01-24T23:28:48-08:00,0,0
style.css,150,css,0fba2348,t6chow,2025-01-24,23:28:48,-08:00,2025-01-24T23:28:48-08:00,0,24
style.css,151,css,0fba2348,t6chow,2025-01-24,23:28:48,-08:00,2025-01-24T23:28:48-08:00,0,46
style.css,152,css,0fba2348,t6chow,2025-01-24,23:28:48,-08:00,2025-01-24T23:28:48-08:00,0,40
style.css,153,css,0fba2348,t6chow,2025-01-24,23:28:48,-08:00,2025-01-24T23:28:48-08:00,0,42
style.css,154,css,0fba2348,t6chow,2025-01-24,23:28:48,-08:00,2025-01-24T23:28:48-08:00,0,60
style.css,155,css,05325e22,t6chow,2025-01-25,04:23:49,-08:00,2025-01-25T04:23:49-08:00,0,75
style.css,156,css,0fba2348,t6chow,2025-01-24,23:28:48,-08:00,2025-01-24T23:28:48-08:00,0,21
style.css,157,css,05325e22,t6chow,2025-01-25,04:23:49,-08:00,2025-01-25T04:23:49-08:00,0,24
style.css,158,css,05325e22,t6chow,2025-01-25,04:23:49,-08:00,2025-01-25T04:23:49-08:00,0,0
style.css,159,css,05325e22,t6chow,2025-01-25,04:23:49,-08:00,2025-01-25T04:23:49-08:00,0,0
style.css,160,css,05325e22,t6chow,2025-01-25,04:23:49,-08:00,2025-01-25T04:23:49-08:00,0,48
style.css,161,css,05325e22,t6chow,2025-01-25,04:23:49,-08:00,2025-01-25T04:23:49-08:00,0,73
style.css,162,css,05325e22,t6chow,2025-01-25,04:23:49,-08:00,2025-01-25T04:23:49-08:00,0,56
style.css,163,css,0fba2348,t6chow,2025-01-24,23:28:48,-08:00,2025-01-24T23:28:48-08:00,0,0
style.css,164,css,0fba2348,t6chow,2025-01-24,23:28:48,-08:00,2025-01-24T23:28:48-08:00,0,0
style.css,165,css,0fba2348,t6chow,2025-01-24,23:28:48,-08:00,2025-01-24T23:28:48-08:00,0,35
style.css,166,css,0fba2348,t6chow,2025-01-24,23:28:48,-08:00,2025-01-24T23:28:48-08:00,0,57
style.css,167,css,0fba2348,t6chow,2025-01-24,23:28:48,-08:00,2025-01-24T23:28:48-08:00,0,0
style.css,168,css,0fba2348,t6chow,2025-01-24,23:28:48,-08:00,2025-01-24T23:28:48-08:00,0,0
style.css,169,css,0fba2348,t6chow,2025-01-24,23:28:48,-08:00,2025-01-24T23:28:48-08:00,0,15
style.css,170,css,0fba2348,t6chow,2025-01-24,23:28:48,-08:00,2025-01-24T23:28:48-08:00,0,45
style.css,171,css,0fba2348,t6chow,2025-01-24,23:28:48,-08:00,2025-01-24T23:28:48-08:00,0,53
style.css,172,css,0fba2348,t6chow,2025-01-24,23:28:48,-08:00,2025-01-24T23:28:48-08:00,0,0
style.css,173,css,0fba2348,t6chow,2025-01-24,23:28:48,-08:00,2025-01-24T23:28:48-08:00,0,0
style.css,174,css,0fba2348,t6chow,2025-01-24,23:28:48,-08:00,2025-01-24T23:28:48-08:00,0,23
style.css,175,css,0fba2348,t6chow,2025-01-24,23:28:48,-08:00,2025-01-24T23:28:48-08:00,0,80
style.css,176,css,0fba2348,t6chow,2025-01-24,23:28:48,-08:00,2025-01-24T23:28:48-08:00,0,69
style.css,177,css,0fba2348,t6chow,2025-01-24,23:28:48,-08:00,2025-01-24T23:28:48-08:00,0,63
style.css,178,css,0fba2348,t6chow,2025-01-24,23:28:48,-08:00,2025-01-24T23:28:48-08:00,0,40
style.css,179,css,0fba2348,t6chow,2025-01-24,23:28:48,-08:00,2025-01-24T23:28:48-08:00,0,46
style.css,180,css,0fba2348,t6chow,2025-01-24,23:28:48,-08:00,2025-01-24T23:28:48-08:00,0,70
style.css,181,css,0fba2348,t6chow,2025-01-24,23:28:48,-08:00,2025-01-24T23:28:48-08:00,0,87
style.css,182,css,0fba2348,t6chow,2025-01-24,23:28:48,-08:00,2025-01-24T23:28:48-08:00,0,0
style.css,183,css,0fba2348,t6chow,2025-01-24,23:28:48,-08:00,2025-01-24T23:28:48-08:00,0,0
style.css,184,css,0fba2348,t6chow,2025-01-24,23:28:48,-08:00,2025-01-24T23:28:48-08:00,0,32
style.css,185,css,0fba2348,t6chow,2025-01-24,23:28:48,-08:00,2025-01-24T23:28:48-08:00,0,42
style.css,186,css,0fba2348,t6chow,2025-01-24,23:28:48,-08:00,2025-01-24T23:28:48-08:00,0,0
style.css,187,css,0fba2348,t6chow,2025-01-24,23:28:48,-08:00,2025-01-24T23:28:48-08:00,0,0
style.css,188,css,0fba2348,t6chow,2025-01-24,23:28:48,-08:00,2025-01-24T23:28:48-08:00,0,20
style.css,189,css,0fba2348,t6chow,2025-01-24,23:28:48,-08:00,2025-01-24T23:28:48-08:00,0,58
style.css,190,css,0fba2348,t6chow,2025-01-24,23:28:48,-08:00,2025-01-24T23:28:48-08:00,0,0
style.css,191,css,0fba2348,t6chow,2025-01-24,23:28:48,-08:00,2025-01-24T23:28:48-08:00,0,0
style.css,192,css,0fba2348,t6chow,2025-01-24,23:28:48,-08:00,2025-01-24T23:28:48-08:00,0,25
style.css,193,css,0fba2348,t6chow,2025-01-24,23:28:48,-08:00,2025-01-24T23:28:48-08:00,0,63
style.css,194,css,e215e898,t6chow,2025-01-31,23:44:29,-08:00,2025-01-31T23:44:29-08:00,0,0
style.css,195,css,e215e898,t6chow,2025-01-31,23:44:29,-08:00,2025-01-31T23:44:29-08:00,0,0
style.css,196,css,e215e898,t6chow,2025-01-31,23:44:29,-08:00,2025-01-31T23:44:29-08:00,0,52
style.css,197,css,e215e898,t6chow,2025-01-31,23:44:29,-08:00,2025-01-31T23:44:29-08:00,0,10
style.css,198,css,e215e898,t6chow,2025-01-31,23:44:29,-08:00,2025-01-31T23:44:29-08:00,0,13
style.css,199,css,e215e898,t6chow,2025-01-31,23:44:29,-08:00,2025-01-31T23:44:29-08:00,0,0
style.css,200,css,e215e898,t6chow,2025-01-31,23:44:29,-08:00,2025-01-31T23:44:29-08:00,0,0
style.css,201,css,e215e898,t6chow,2025-01-31,23:44:29,-08:00,2025-01-31T23:44:29-08:00,0,45
style.css,202,css,e215e898,t6chow,2025-01-31,23:44:29,-08:00,2025-01-31T23:44:29-08:00,0,20
style.css,203,css,e215e898,t6chow,2025-01-31,23:44:29,-08:00,2025-01-31T23:44:29-08:00,0,14
style.css,204,css,e215e898,t6chow,2025-01-31,23:44:29,-08:00,2025-01-31T23:44:29-08:00,0,3
style.css,205,css,e215e898,t6chow,2025-01-31,23:44:29,-08:00,2025-01-31T23:44:29-08:00,0,0
style.css,206,css,e215e898,t6chow,2025-01-31,23:44:29,-08:00,2025-01-31T23:44:29-08:00,0,18
style.css,207,css,e215e898,t6chow,2025-01-31,23:44:29,-08:00,2025-01-31T23:44:29-08:00,0,13
style.css,208,css,e215e898,t6chow,2025-01-31,23:44:29,-08:00,2025-01-31T23:44:29-08:00,0,30
style.css,209,css,e215e898,t6chow,2025-01-31,23:44:29,-08:00,2025-01-31T23:44:29-08:00,0,14
style.css,210,css,e215e898,t6chow,2025-01-31,23:44:29,-08:00,2025-01-31T23:44:29-08:00,0,0
style.css,211,css,e215e898,t6chow,2025-01-31,23:44:29,-08:00,2025-01-31T23:44:29-08:00,0,0
style.css,212,css,e215e898,t6chow,2025-01-31,23:44:29,-08:00,2025-01-31T23:44:29-08:00,0,18
style.css,213,css,e215e898,t6chow,2025-01-31,23:44:29,-08:00,2025-01-31T23:44:29-08:00,0,14
style.css,214,css,e215e898,t6chow,2025-01-31,23:44:29,-08:00,2025-01-31T23:44:29-08:00,0,17
style.css,215,css,e215e898,t6chow,2025-01-31,23:44:29,-08:00,2025-01-31T23:44:29-08:00,0,0
style.css,216,css,e215e898,t6chow,2025-01-31,23:44:29,-08:00,2025-01-31T23:44:29-08:00,0,0
style.css,217,css,e215e898,t6chow,2025-01-31,23:44:29,-08:00,2025-01-31T23:44:29-08:00,0,18
style.css,218,css,e215e898,t6chow,2025-01-31,23:44:29,-08:00,2025-01-31T23:44:29-08:00,0,14
style.css,219,css,e215e898,t6chow,2025-01-31,23:44:29,-08:00,2025-01-31T23:44:29-08:00,0,0
style.css,220,css,e215e898,t6chow,2025-01-31,23:44:29,-08:00,2025-01-31T23:44:29-08:00,0,0
style.css,221,css,e215e898,t6chow,2025-01-31,23:44:29,-08:00,2025-01-31T23:44:29-08:00,0,14
style.css,222,css,e215e898,t6chow,2025-01-31,23:44:29,-08:00,2025-01-31T23:44:29-08:00,0,15
style.css,223,css,e215e898,t6chow,2025-01-31,23:44:29,-08:00,2025-01-31T23:44:29-08:00,0,16
style.css,224,css,e215e898,t6chow,2025-01-31,23:44:29,-08:00,2025-01-31T23:44:29-08:00,0,12
style.css,225,css,5c2ed6be,t6chow,2025-02-07,23:53:17,-08:00,2025-02-07T23:53:17-08:00,0,0
style.css,226,css,5c2ed6be,t6chow,2025-02-07,23:53:17,-08:00,2025-02-07T23:53:17-08:00,0,0
style.css,227,css,5c2ed6be,t6chow,2025-02-07,23:53:17,-08:00,2025-02-07T23:53:17-08:00,0,19
style.css,228,css,5c2ed6be,t6chow,2025-02-07,23:53:17,-08:00,2025-02-07T23:53:17-08:00,0,15
style.css,229,css,5c2ed6be,t6chow,2025-02-07,23:53:17,-08:00,2025-02-07T23:53:17-08:00,0,17
style.css,230,css,5c2ed6be,t6chow,2025-02-07,23:53:17,-08:00,2025-02-07T23:53:17-08:00,0,0
style.css,231,css,5c2ed6be,t6chow,2025-02-07,23:53:17,-08:00,2025-02-07T23:53:17-08:00,0,17
style.css,232,css,5c2ed6be,t6chow,2025-02-07,23:53:17,-08:00,2025-02-07T23:53:17-08:00,0,0
style.css,233,css,5c2ed6be,t6chow,2025-02-07,23:53:17,-08:00,2025-02-07T23:53:17-08:00,0,0
style.css,234,css,5c2ed6be,t6chow,2025-02-07,23:53:17,-08:00,2025-02-07T23:53:17-08:00,0,53
style.css,235,css,5c2ed6be,t6chow,2025-02-07,23:53:17,-08:00,2025-02-07T23:53:17-08:00,0,11
style.css,236,css,5c2ed6be,t6chow,2025-02-07,23:53:17,-08:00,2025-02-07T23:53:17-08:00,0,13
style.css,237,css,5c2ed6be,t6chow,2025-02-07,23:53:17,-08:00,2025-02-07T23:53:17-08:00,0,48
style.css,238,css,5c2ed6be,t6chow,2025-02-07,23:53:17,-08:00,2025-02-07T23:53:17-08:00,0,57
style.css,239,css,5c2ed6be,t6chow,2025-02-07,23:53:17,-08:00,2025-02-07T23:53:17-08:00,0,51
style.css,240,css,5c2ed6be,t6chow,2025-02-07,23:53:17,-08:00,2025-02-07T23:53:17-08:00,0,43
style.css,241,css,5c2ed6be,t6chow,2025-02-07,23:53:17,-08:00,2025-02-07T23:53:17-08:00,0,39
style.css,242,css,5c2ed6be,t6chow,2025-02-07,23:53:17,-08:00,2025-02-07T23:53:17-08:00,0,0
style.css,243,css,5c2ed6be,t6chow,2025-02-07,23:53:17,-08:00,2025-02-07T23:53:17-08:00,0,0
style.css,244,css,5c2ed6be,t6chow,2025-02-07,23:53:17,-08:00,2025-02-07T23:53:17-08:00,0,35
style.css,245,css,5c2ed6be,t6chow,2025-02-07,23:53:17,-08:00,2025-02-07T23:53:17-08:00,0,4
style.css,246,css,5c2ed6be,t6chow,2025-02-07,23:53:17,-08:00,2025-02-07T23:53:17-08:00,0,47
style.css,247,css,5c2ed6be,t6chow,2025-02-07,23:53:17,-08:00,2025-02-07T23:53:17-08:00,0,58
style.css,248,css,5c2ed6be,t6chow,2025-02-07,23:53:17,-08:00,2025-02-07T23:53:17-08:00,0,12
style.css,249,css,5c2ed6be,t6chow,2025-02-07,23:53:17,-08:00,2025-02-07T23:53:17-08:00,0,0
style.css,250,css,5c2ed6be,t6chow,2025-02-07,23:53:17,-08:00,2025-02-07T23:53:17-08:00,0,0
style.css,251,css,5c2ed6be,t6chow,2025-02-07,23:53:17,-08:00,2025-02-07T23:53:17-08:00,0,44
style.css,252,css,5c2ed6be,t6chow,2025-02-07,23:53:17,-08:00,2025-02-07T23:53:17-08:00,0,8
style.css,253,css,5c2ed6be,t6chow,2025-02-07,23:53:17,-08:00,2025-02-07T23:53:17-08:00,0,57
style.css,254,css,5c2ed6be,t6chow,2025-02-07,23:53:17,-08:00,2025-02-07T23:53:17-08:00,0,13
style.css,255,css,5c2ed6be,t6chow,2025-02-07,23:53:17,-08:00,2025-02-07T23:53:17-08:00,0,58
style.css,256,css,5c2ed6be,t6chow,2025-02-07,23:53:17,-08:00,2025-02-07T23:53:17-08:00,0,8
style.css,257,css,5c2ed6be,t6chow,2025-02-07,23:53:17,-08:00,2025-02-07T23:53:17-08:00,0,12
style.css,258,css,5c2ed6be,t6chow,2025-02-07,23:53:17,-08:00,2025-02-07T23:53:17-08:00,0,16
style.css,259,css,5c2ed6be,t6chow,2025-02-07,23:53:17,-08:00,2025-02-07T23:53:17-08:00,0,42
style.css,260,css,5c2ed6be,t6chow,2025-02-07,23:53:17,-08:00,2025-02-07T23:53:17-08:00,0,18
style.css,261,css,5c2ed6be,t6chow,2025-02-07,23:53:17,-08:00,2025-02-07T23:53:17-08:00,0,39
style.css,262,css,5c2ed6be,t6chow,2025-02-07,23:53:17,-08:00,2025-02-07T23:53:17-08:00,0,0
style.css,263,css,5c2ed6be,t6chow,2025-02-07,23:53:17,-08:00,2025-02-07T23:53:17-08:00,0,0
style.css,264,css,5c2ed6be,t6chow,2025-02-07,23:53:17,-08:00,2025-02-07T23:53:17-08:00,0,31
style.css,265,css,5c2ed6be,t6chow,2025-02-07,23:53:17,-08:00,2025-02-07T23:53:17-08:00,0,13
style.css,266,css,5c2ed6be,t6chow,2025-02-07,23:53:17,-08:00,2025-02-07T23:53:17-08:00,0,13
style.css,267,css,5c2ed6be,t6chow,2025-02-07,23:53:17,-08:00,2025-02-07T23:53:17-08:00,0,19
style.css,268,css,5c2ed6be,t6chow,2025-02-07,23:53:17,-08:00,2025-02-07T23:53:17-08:00,0,47
style.css,269,css,5c2ed6be,t6chow,2025-02-07,23:53:17,-08:00,2025-02-07T23:53:17-08:00,0,0
style.css,270,css,5c2ed6be,t6chow,2025-02-07,23:53:17,-08:00,2025-02-07T23:53:17-08:00,0,0
style.css,271,css,5c2ed6be,t6chow,2025-02-07,23:53:17,-08:00,2025-02-07T23:53:17-08:00,0,31
style.css,272,css,5c2ed6be,t6chow,2025-02-07,23:53:17,-08:00,2025-02-07T23:53:17-08:00,0,8
style.css,273,css,5c2ed6be,t6chow,2025-02-07,23:53:17,-08:00,2025-02-07T23:53:17-08:00,0,21
style.css,274,css,5c2ed6be,t6chow,2025-02-07,23:53:17,-08:00,2025-02-07T23:53:17-08:00,0,11
style.css,275,css,5c2ed6be,t6chow,2025-02-07,23:53:17,-08:00,2025-02-07T23:53:17-08:00,0,12
style.css,276,css,5c2ed6be,t6chow,2025-02-07,23:53:17,-08:00,2025-02-07T23:53:17-08:00,0,80
style.css,277,css,5c2ed6be,t6chow,2025-02-07,23:53:17,-08:00,2025-02-07T23:53:17-08:00,0,41
style.css,278,css,5c2ed6be,t6chow,2025-02-07,23:53:17,-08:00,2025-02-07T23:53:17-08:00,0,0
style.css,279,css,5c2ed6be,t6chow,2025-02-07,23:53:17,-08:00,2025-02-07T23:53:17-08:00,0,0
style.css,280,css,5c2ed6be,t6chow,2025-02-07,23:53:17,-08:00,2025-02-07T23:53:17-08:00,0,39
style.css,281,css,5c2ed6be,t6chow,2025-02-07,23:53:17,-08:00,2025-02-07T23:53:17-08:00,0,16
style.css,282,css,5c2ed6be,t6chow,2025-02-07,23:53:17,-08:00,2025-02-07T23:53:17-08:00,0,18
style.css,283,css,5c2ed6be,t6chow,2025-02-07,23:53:17,-08:00,2025-02-07T23:53:17-08:00,0,54
style.css,284,css,5c2ed6be,t6chow,2025-02-07,23:53:17,-08:00,2025-02-07T23:53:17-08:00,0,0
style.css,285,css,5c2ed6be,t6chow,2025-02-07,23:53:17,-08:00,2025-02-07T23:53:17-08:00,0,0
style.css,286,css,5c2ed6be,t6chow,2025-02-07,23:53:17,-08:00,2025-02-07T23:53:17-08:00,0,37
style.css,287,css,5c2ed6be,t6chow,2025-02-07,23:53:17,-08:00,2025-02-07T23:53:17-08:00,0,12
style.css,288,css,5c2ed6be,t6chow,2025-02-07,23:53:17,-08:00,2025-02-07T23:53:17-08:00,0,0
style.css,289,css,5c2ed6be,t6chow,2025-02-07,23:53:17,-08:00,2025-02-07T23:53:17-08:00,0,0
style.css,290,css,5c2ed6be,t6chow,2025-02-07,23:53:17,-08:00,2025-02-07T23:53:17-08:00,0,5
style.css,291,css,5c2ed6be,t6chow,2025-02-07,23:53:17,-08:00,2025-02-07T23:53:17-08:00,0,25
style.css,292,css,5c2ed6be,t6chow,2025-02-07,23:53:17,-08:00,2025-02-07T23:53:17-08:00,0,0
style.css,293,css,5c2ed6be,t6chow,2025-02-07,23:53:17,-08:00,2025-02-07T23:53:17-08:00,0,0
style.css,294,css,5c2ed6be,t6chow,2025-02-07,23:53:17,-08:00,2025-02-07T23:53:17-08:00,0,10
style.css,295,css,5c2ed6be,t6chow,2025-02-07,23:53:17,-08:00,2025-02-07T23:53:17-08:00,0,36
style.css,296,css,5c2ed6be,t6chow,2025-02-07,23:53:17,-08:00,2025-02-07T23:53:17-08:00,0,0
style.css,297,css,5c2ed6be,t6chow,2025-02-07,23:53:17,-08:00,2025-02-07T23:53:17-08:00,0,0
style.css,298,css,5c2ed6be,t6chow,2025-02-07,23:53:17,-08:00,2025-02-07T23:53:17-08:00,0,19
style.css,299,css,5c2ed6be,t6chow,2025-02-07,23:53:17,-08:00,2025-02-07T23:53:17-08:00,0,18
style.css,300,css,5c2ed6be,t6chow,2025-02-07,23:53:17,-08:00,2025-02-07T23:53:17-08:00,0,0
style.css,301,css,5c2ed6be,t6chow,2025-02-07,23:53:17,-08:00,2025-02-07T23:53:17-08:00,0,0
style.css,302,css,5c2ed6be,t6chow,2025-02-07,23:53:17,-08:00,2025-02-07T23:53:17-08:00,0,17
style.css,303,css,5c2ed6be,t6chow,2025-02-07,23:53:17,-08:00,2025-02-07T23:53:17-08:00,0,17
style.css,304,css,5c2ed6be,t6chow,2025-02-07,23:53:17,-08:00,2025-02-07T23:53:17-08:00,0,26
style.css,305,css,5c2ed6be,t6chow,2025-02-07,23:53:17,-08:00,2025-02-07T23:53:17-08:00,0,0
style.css,306,css,5c2ed6be,t6chow,2025-02-07,23:53:17,-08:00,2025-02-07T23:53:17-08:00,0,0
style.css,307,css,5c2ed6be,t6chow,2025-02-07,23:53:17,-08:00,2025-02-07T23:53:17-08:00,0,5
style.css,308,css,5c2ed6be,t6chow,2025-02-07,23:53:17,-08:00,2025-02-07T23:53:17-08:00,0,15
style.css,309,css,5c2ed6be,t6chow,2025-02-07,23:53:17,-08:00,2025-02-07T23:53:17-08:00,0,0
style.css,310,css,5c2ed6be,t6chow,2025-02-07,23:53:17,-08:00,2025-02-07T23:53:17-08:00,0,0
style.css,311,css,5c2ed6be,t6chow,2025-02-07,23:53:17,-08:00,2025-02-07T23:53:17-08:00,0,63
style.css,312,css,5c2ed6be,t6chow,2025-02-07,23:53:17,-08:00,2025-02-07T23:53:17-08:00,0,18
style.css,313,css,5c2ed6be,t6chow,2025-02-07,23:53:17,-08:00,2025-02-07T23:53:17-08:00,0,13
style.css,314,css,5c2ed6be,t6chow,2025-02-07,23:53:17,-08:00,2025-02-07T23:53:17-08:00,0,64
style.css,315,css,5c2ed6be,t6chow,2025-02-07,23:53:17,-08:00,2025-02-07T23:53:17-08:00,0,68
style.css,316,css,5c2ed6be,t6chow,2025-02-07,23:53:17,-08:00,2025-02-07T23:53:17-08:00,0,11
style.css,317,css,5c2ed6be,t6chow,2025-02-07,23:53:17,-08:00,2025-02-07T23:53:17-08:00,0,70
style.css,318,css,5c2ed6be,t6chow,2025-02-07,23:53:17,-08:00,2025-02-07T23:53:17-08:00,0,0
style.css,319,css,5c2ed6be,t6chow,2025-02-07,23:53:17,-08:00,2025-02-07T23:53:17-08:00,0,0
style.css,320,css,5c2ed6be,t6chow,2025-02-07,23:53:17,-08:00,2025-02-07T23:53:17-08:00,0,32
style.css,321,css,5c2ed6be,t6chow,2025-02-07,23:53:17,-08:00,2025-02-07T23:53:17-08:00,0,11
style.css,322,css,5c2ed6be,t6chow,2025-02-07,23:53:17,-08:00,2025-02-07T23:53:17-08:00,0,60
style.css,323,css,5c2ed6be,t6chow,2025-02-07,23:53:17,-08:00,2025-02-07T23:53:17-08:00,0,93
style.css,324,css,5c2ed6be,t6chow,2025-02-07,23:53:17,-08:00,2025-02-07T23:53:17-08:00,0,13
style.css,325,css,5c2ed6be,t6chow,2025-02-07,23:53:17,-08:00,2025-02-07T23:53:17-08:00,0,64
style.css,326,css,5c2ed6be,t6chow,2025-02-07,23:53:17,-08:00,2025-02-07T23:53:17-08:00,0,41
style.css,327,css,5c2ed6be,t6chow,2025-02-07,23:53:17,-08:00,2025-02-07T23:53:17-08:00,0,54
style.css,328,css,5c2ed6be,t6chow,2025-02-07,23:53:17,-08:00,2025-02-07T23:53:17-08:00,0,64
style.css,329,css,5c2ed6be,t6chow,2025-02-07,23:53:17,-08:00,2025-02-07T23:53:17-08:00,0,19
style.css,330,css,0fba2348,t6chow,2025-01-24,23:28:48,-08:00,2025-01-24T23:28:48-08:00,0,0
resume.html,1,html,9b58013f,t6chow,2025-01-24,22:40:06,-08:00,2025-01-24T22:40:06-08:00,0,14
resume.html,2,html,9b58013f,t6chow,2025-01-24,22:40:06,-08:00,2025-01-24T22:40:06-08:00,0,15
resume.html,3,html,9b58013f,t6chow,2025-01-24,22:40:06,-08:00,2025-01-24T22:40:06-08:00,0,5
resume.html,4,html,9b58013f,t6chow,2025-01-24,22:40:06,-08:00,2025-01-24T22:40:06-08:00,0,21
resume.html,5,html,9b58013f,t6chow,2025-01-24,22:40:06,-08:00,2025-01-24T22:40:06-08:00,0,69
resume.html,6,html,0fba2348,t6chow,2025-01-24,23:28:48,-08:00,2025-01-24T23:28:48-08:00,0,25
resume.html,7,html,5c2ed6be,t6chow,2025-02-07,23:53:17,-08:00,2025-02-07T23:53:17-08:00,0,42
resume.html,8,html,5c2ed6be,t6chow,2025-02-07,23:53:17,-08:00,2025-02-07T23:53:17-08:00,0,49
resume.html,9,html,9b58013f,t6chow,2025-01-24,22:40:06,-08:00,2025-01-24T22:40:06-08:00,0,6
resume.html,10,html,9b58013f,t6chow,2025-01-24,22:40:06,-08:00,2025-01-24T22:40:06-08:00,0,5
resume.html,11,html,0fba2348,t6chow,2025-01-24,23:28:48,-08:00,2025-01-24T23:28:48-08:00,0,28
resume.html,12,html,bbf2cf86,t6chow,2025-01-25,04:00:12,-08:00,2025-01-25T04:00:12-08:00,0,9
resume.html,13,html,9b58013f,t6chow,2025-01-24,22:40:06,-08:00,2025-01-24T22:40:06-08:00,0,61
resume.html,14,html,9b58013f,t6chow,2025-01-24,22:40:06,-08:00,2025-01-24T22:40:06-08:00,0,3
resume.html,15,html,0fba2348,t6chow,2025-01-24,23:28:48,-08:00,2025-01-24T23:28:48-08:00,0,37
resume.html,16,html,9b58013f,t6chow,2025-01-24,22:40:06,-08:00,2025-01-24T22:40:06-08:00,0,50
resume.html,17,html,9b58013f,t6chow,2025-01-24,22:40:06,-08:00,2025-01-24T22:40:06-08:00,0,48
resume.html,18,html,bbf2cf86,t6chow,2025-01-25,04:00:12,-08:00,2025-01-25T04:00:12-08:00,0,40
resume.html,19,html,9b58013f,t6chow,2025-01-24,22:40:06,-08:00,2025-01-24T22:40:06-08:00,0,4
resume.html,20,html,bbf2cf86,t6chow,2025-01-25,04:00:12,-08:00,2025-01-25T04:00:12-08:00,0,9
resume.html,21,html,9b58013f,t6chow,2025-01-24,22:40:06,-08:00,2025-01-24T22:40:06-08:00,0,0
resume.html,22,html,0fba2348,t6chow,2025-01-24,23:28:48,-08:00,2025-01-24T23:28:48-08:00,0,33
resume.html,23,html,9b58013f,t6chow,2025-01-24,22:40:06,-08:00,2025-01-24T22:40:06-08:00,0,8
resume.html,24,html,9b58013f,t6chow,2025-01-24,22:40:06,-08:00,2025-01-24T22:40:06-08:00,0,28
resume.html,25,html,9b58013f,t6chow,2025-01-24,22:40:06,-08:00,2025-01-24T22:40:06-08:00,0,23
resume.html,26,html,9b58013f,t6chow,2025-01-24,22:40:06,-08:00,2025-01-24T22:40:06-08:00,0,65
resume.html,27,html,9b58013f,t6chow,2025-01-24,22:40:06,-08:00,2025-01-24T22:40:06-08:00,0,9
resume.html,28,html,9b58013f,t6chow,2025-01-24,22:40:06,-08:00,2025-01-24T22:40:06-08:00,0,0
resume.html,29,html,9b58013f,t6chow,2025-01-24,22:40:06,-08:00,2025-01-24T22:40:06-08:00,0,8
resume.html,30,html,9b58013f,t6chow,2025-01-24,22:40:06,-08:00,2025-01-24T22:40:06-08:00,0,17
resume.html,31,html,9b58013f,t6chow,2025-01-24,22:40:06,-08:00,2025-01-24T22:40:06-08:00,0,44
resume.html,32,html,0fba2348,t6chow,2025-01-24,23:28:48,-08:00,2025-01-24T23:28:48-08:00,0,102
resume.html,33,html,9b58013f,t6chow,2025-01-24,22:40:06,-08:00,2025-01-24T22:40:06-08:00,0,9
resume.html,34,html,9b58013f,t6chow,2025-01-24,22:40:06,-08:00,2025-01-24T22:40:06-08:00,0,0
resume.html,35,html,0fba2348,t6chow,2025-01-24,23:28:48,-08:00,2025-01-24T23:28:48-08:00,0,29
resume.html,36,html,0fba2348,t6chow,2025-01-24,23:28:48,-08:00,2025-01-24T23:28:48-08:00,0,8
resume.html,37,html,9b58013f,t6chow,2025-01-24,22:40:06,-08:00,2025-01-24T22:40:06-08:00,0,31
resume.html,38,html,9b58013f,t6chow,2025-01-24,22:40:06,-08:00,2025-01-24T22:40:06-08:00,0,3
resume.html,39,html,9b58013f,t6chow,2025-01-24,22:40:06,-08:00,2025-01-24T22:40:06-08:00,0,3
resume.html,40,html,9b58013f,t6chow,2025-01-24,22:40:06,-08:00,2025-01-24T22:40:06-08:00,0,150
resume.html,41,html,9b58013f,t6chow,2025-01-24,22:40:06,-08:00,2025-01-24T22:40:06-08:00,0,3
resume.html,42,html,9b58013f,t6chow,2025-01-24,22:40:06,-08:00,2025-01-24T22:40:06-08:00,0,127
resume.html,43,html,9b58013f,t6chow,2025-01-24,22:40:06,-08:00,2025-01-24T22:40:06-08:00,0,221
resume.html,44,html,9b58013f,t6chow,2025-01-24,22:40:06,-08:00,2025-01-24T22:40:06-08:00,0,159
resume.html,45,html,9b58013f,t6chow,2025-01-24,22:40:06,-08:00,2025-01-24T22:40:06-08:00,0,164
resume.html,46,html,9b58013f,t6chow,2025-01-24,22:40:06,-08:00,2025-01-24T22:40:06-08:00,0,4
resume.html,47,html,9b58013f,t6chow,2025-01-24,22:40:06,-08:00,2025-01-24T22:40:06-08:00,0,4
resume.html,48,html,9b58013f,t6chow,2025-01-24,22:40:06,-08:00,2025-01-24T22:40:06-08:00,0,4
resume.html,49,html,0fba2348,t6chow,2025-01-24,23:28:48,-08:00,2025-01-24T23:28:48-08:00,0,9
resume.html,50,html,0fba2348,t6chow,2025-01-24,23:28:48,-08:00,2025-01-24T23:28:48-08:00,0,8
resume.html,51,html,9b58013f,t6chow,2025-01-24,22:40:06,-08:00,2025-01-24T22:40:06-08:00,0,26
resume.html,52,html,9b58013f,t6chow,2025-01-24,22:40:06,-08:00,2025-01-24T22:40:06-08:00,0,3
resume.html,53,html,9b58013f,t6chow,2025-01-24,22:40:06,-08:00,2025-01-24T22:40:06-08:00,0,3
resume.html,54,html,9b58013f,t6chow,2025-01-24,22:40:06,-08:00,2025-01-24T22:40:06-08:00,0,155
resume.html,55,html,9b58013f,t6chow,2025-01-24,22:40:06,-08:00,2025-01-24T22:40:06-08:00,0,3
resume.html,56,html,9b58013f,t6chow,2025-01-24,22:40:06,-08:00,2025-01-24T22:40:06-08:00,0,126
resume.html,57,html,9b58013f,t6chow,2025-01-24,22:40:06,-08:00,2025-01-24T22:40:06-08:00,0,92
resume.html,58,html,9b58013f,t6chow,2025-01-24,22:40:06,-08:00,2025-01-24T22:40:06-08:00,0,45
resume.html,59,html,9b58013f,t6chow,2025-01-24,22:40:06,-08:00,2025-01-24T22:40:06-08:00,0,4
resume.html,60,html,9b58013f,t6chow,2025-01-24,22:40:06,-08:00,2025-01-24T22:40:06-08:00,0,4
resume.html,61,html,9b58013f,t6chow,2025-01-24,22:40:06,-08:00,2025-01-24T22:40:06-08:00,0,4
resume.html,62,html,0fba2348,t6chow,2025-01-24,23:28:48,-08:00,2025-01-24T23:28:48-08:00,0,9
resume.html,63,html,0fba2348,t6chow,2025-01-24,23:28:48,-08:00,2025-01-24T23:28:48-08:00,0,8
resume.html,64,html,9b58013f,t6chow,2025-01-24,22:40:06,-08:00,2025-01-24T22:40:06-08:00,0,23
resume.html,65,html,9b58013f,t6chow,2025-01-24,22:40:06,-08:00,2025-01-24T22:40:06-08:00,0,3
resume.html,66,html,9b58013f,t6chow,2025-01-24,22:40:06,-08:00,2025-01-24T22:40:06-08:00,0,3
resume.html,67,html,9b58013f,t6chow,2025-01-24,22:40:06,-08:00,2025-01-24T22:40:06-08:00,0,147
resume.html,68,html,9b58013f,t6chow,2025-01-24,22:40:06,-08:00,2025-01-24T22:40:06-08:00,0,3
resume.html,69,html,9b58013f,t6chow,2025-01-24,22:40:06,-08:00,2025-01-24T22:40:06-08:00,0,123
resume.html,70,html,9b58013f,t6chow,2025-01-24,22:40:06,-08:00,2025-01-24T22:40:06-08:00,0,4
resume.html,71,html,9b58013f,t6chow,2025-01-24,22:40:06,-08:00,2025-01-24T22:40:06-08:00,0,106
resume.html,72,html,9b58013f,t6chow,2025-01-24,22:40:06,-08:00,2025-01-24T22:40:06-08:00,0,140
resume.html,73,html,9b58013f,t6chow,2025-01-24,22:40:06,-08:00,2025-01-24T22:40:06-08:00,0,4
resume.html,74,html,9b58013f,t6chow,2025-01-24,22:40:06,-08:00,2025-01-24T22:40:06-08:00,0,4
resume.html,75,html,9b58013f,t6chow,2025-01-24,22:40:06,-08:00,2025-01-24T22:40:06-08:00,0,4
resume.html,76,html,9b58013f,t6chow,2025-01-24,22:40:06,-08:00,2025-01-24T22:40:06-08:00,0,9
resume.html,77,html,0fba2348,t6chow,2025-01-24,23:28:48,-08:00,2025-01-24T23:28:48-08:00,0,9
resume.html,78,html,9b58013f,t6chow,2025-01-24,22:40:06,-08:00,2025-01-24T22:40:06-08:00,0,0
resume.html,79,html,0fba2348,t6chow,2025-01-24,23:28:48,-08:00,2025-01-24T23:28:48-08:00,0,23
resume.html,80,html,0fba2348,t6chow,2025-01-24,23:28:48,-08:00,2025-01-24T23:28:48-08:00,0,14
resume.html,81,html,0fba2348,t6chow,2025-01-24,23:28:48,-08:00,2025-01-24T23:28:48-08:00,0,28
resume.html,82,html,0fba2348,t6chow,2025-01-24,23:28:48,-08:00,2025-01-24T23:28:48-08:00,0,19
resume.html,83,html,0fba2348,t6chow,2025-01-24,23:28:48,-08:00,2025-01-24T23:28:48-08:00,0,3
resume.html,84,html,0fba2348,t6chow,2025-01-24,23:28:48,-08:00,2025-01-24T23:28:48-08:00,0,21
resume.html,85,html,0fba2348,t6chow,2025-01-24,23:28:48,-08:00,2025-01-24T23:28:48-08:00,0,16
resume.html,86,html,0fba2348,t6chow,2025-01-24,23:28:48,-08:00,2025-01-24T23:28:48-08:00,0,25
resume.html,87,html,0fba2348,t6chow,2025-01-24,23:28:48,-08:00,2025-01-24T23:28:48-08:00,0,4
resume.html,88,html,0fba2348,t6chow,2025-01-24,23:28:48,-08:00,2025-01-24T23:28:48-08:00,0,9
resume.html,89,html,0fba2348,t6chow,2025-01-24,23:28:48,-08:00,2025-01-24T23:28:48-08:00,0,33
resume.html,90,html,0fba2348,t6chow,2025-01-24,23:28:48,-08:00,2025-01-24T23:28:48-08:00,0,24
resume.html,91,html,0fba2348,t6chow,2025-01-24,23:28:48,-08:00,2025-01-24T23:28:48-08:00,0,3
resume.html,92,html,0fba2348,t6chow,2025-01-24,23:28:48,-08:00,2025-01-24T23:28:48-08:00,0,3
resume.html,93,html,0fba2348,t6chow,2025-01-24,23:28:48,-08:00,2025-01-24T23:28:48-08:00,0,5
resume.html,94,html,0fba2348,t6chow,2025-01-24,23:28:48,-08:00,2025-01-24T23:28:48-08:00,0,3
resume.html,95,html,0fba2348,t6chow,2025-01-24,23:28:48,-08:00,2025-01-24T23:28:48-08:00,0,14
resume.html,96,html,0fba2348,t6chow,2025-01-24,23:28:48,-08:00,2025-01-24T23:28:48-08:00,0,15
resume.html,97,html,0fba2348,t6chow,2025-01-24,23:28:48,-08:00,2025-01-24T23:28:48-08:00,0,18
resume.html,98,html,0fba2348,t6chow,2025-01-24,23:28:48,-08:00,2025-01-24T23:28:48-08:00,0,4
resume.html,99,html,0fba2348,t6chow,2025-01-24,23:28:48,-08:00,2025-01-24T23:28:48-08:00,0,4
resume.html,100,html,0fba2348,t6chow,2025-01-24,23:28:48,-08:00,2025-01-24T23:28:48-08:00,0,26
resume.html,101,html,0fba2348,t6chow,2025-01-24,23:28:48,-08:00,2025-01-24T23:28:48-08:00,0,11
resume.html,102,html,0fba2348,t6chow,2025-01-24,23:28:48,-08:00,2025-01-24T23:28:48-08:00,0,4
resume.html,103,html,0fba2348,t6chow,2025-01-24,23:28:48,-08:00,2025-01-24T23:28:48-08:00,0,9
resume.html,104,html,9b58013f,t6chow,2025-01-24,22:40:06,-08:00,2025-01-24T22:40:06-08:00,0,9
resume.html,105,html,0fba2348,t6chow,2025-01-24,23:28:48,-08:00,2025-01-24T23:28:48-08:00,0,0
resume.html,106,html,0fba2348,t6chow,2025-01-24,23:28:48,-08:00,2025-01-24T23:28:48-08:00,0,0
resume.html,107,html,9b58013f,t6chow,2025-01-24,22:40:06,-08:00,2025-01-24T22:40:06-08:00,0,89
resume.html,108,html,9b58013f,t6chow,2025-01-24,22:40:06,-08:00,2025-01-24T22:40:06-08:00,0,9
resume.html,109,html,9b58013f,t6chow,2025-01-24,22:40:06,-08:00,2025-01-24T22:40:06-08:00,0,0
resume.html,110,html,9b58013f,t6chow,2025-01-24,22:40:06,-08:00,2025-01-24T22:40:06-08:00,0,57
resume.html,111,html,f8303274,t6chow,2025-01-25,04:41:04,-08:00,2025-01-25T04:41:04-08:00,0,51
resume.html,112,html,9b58013f,t6chow,2025-01-24,22:40:06,-08:00,2025-01-24T22:40:06-08:00,0,6
resume.html,113,html,9b58013f,t6chow,2025-01-24,22:40:06,-08:00,2025-01-24T22:40:06-08:00,0,6
index.js,1,js,e215e898,t6chow,2025-01-31,23:44:29,-08:00,2025-01-31T23:44:29-08:00,0,93
index.js,2,js,e215e898,t6chow,2025-01-31,23:44:29,-08:00,2025-01-31T23:44:29-08:00,0,0
index.js,3,js,e215e898,t6chow,2025-01-31,23:44:29,-08:00,2025-01-31T23:44:29-08:00,0,20
index.js,4,js,e215e898,t6chow,2025-01-31,23:44:29,-08:00,2025-01-31T23:44:29-08:00,0,55
index.js,5,js,e215e898,t6chow,2025-01-31,23:44:29,-08:00,2025-01-31T23:44:29-08:00,0,0
index.js,6,js,e215e898,t6chow,2025-01-31,23:44:29,-08:00,2025-01-31T23:44:29-08:00,0,29
index.js,7,js,e215e898,t6chow,2025-01-31,23:44:29,-08:00,2025-01-31T23:44:29-08:00,0,43
index.js,8,js,e215e898,t6chow,2025-01-31,23:44:29,-08:00,2025-01-31T23:44:29-08:00,0,0
index.js,9,js,e215e898,t6chow,2025-01-31,23:44:29,-08:00,2025-01-31T23:44:29-08:00,0,59
index.js,10,js,e215e898,t6chow,2025-01-31,23:44:29,-08:00,2025-01-31T23:44:29-08:00,0,61
index.js,11,js,e215e898,t6chow,2025-01-31,23:44:29,-08:00,2025-01-31T23:44:29-08:00,0,0
index.js,12,js,e215e898,t6chow,2025-01-31,23:44:29,-08:00,2025-01-31T23:44:29-08:00,0,30
index.js,13,js,e215e898,t6chow,2025-01-31,23:44:29,-08:00,2025-01-31T23:44:29-08:00,0,55
index.js,14,js,e215e898,t6chow,2025-01-31,23:44:29,-08:00,2025-01-31T23:44:29-08:00,0,0
index.js,15,js,e215e898,t6chow,2025-01-31,23:44:29,-08:00,2025-01-31T23:44:29-08:00,0,50
index.js,16,js,e215e898,t6chow,2025-01-31,23:44:29,-08:00,2025-01-31T23:44:29-08:00,0,0
index.js,17,js,e215e898,t6chow,2025-01-31,23:44:29,-08:00,2025-01-31T23:44:29-08:00,0,61
index.js,18,js,e215e898,t6chow,2025-01-31,23:44:29,-08:00,2025-01-31T23:44:29-08:00,0,0
index.js,19,js,e215e898,t6chow,2025-01-31,23:44:29,-08:00,2025-01-31T23:44:29-08:00,0,18
index.js,20,js,e215e898,t6chow,2025-01-31,23:44:29,-08:00,2025-01-31T23:44:29-08:00,0,25
index.js,21,js,e215e898,t6chow,2025-01-31,23:44:29,-08:00,2025-01-31T23:44:29-08:00,0,3
index.js,22,js,e215e898,t6chow,2025-01-31,23:44:29,-08:00,2025-01-31T23:44:29-08:00,0,56
index.js,23,js,e215e898,t6chow,2025-01-31,23:44:29,-08:00,2025-01-31T23:44:29-08:00,0,56
index.js,24,js,e215e898,t6chow,2025-01-31,23:44:29,-08:00,2025-01-31T23:44:29-08:00,0,50
index.js,25,js,e215e898,t6chow,2025-01-31,23:44:29,-08:00,2025-01-31T23:44:29-08:00,0,50
index.js,26,js,e215e898,t6chow,2025-01-31,23:44:29,-08:00,2025-01-31T23:44:29-08:00,0,4
index.js,27,js,e215e898,t6chow,2025-01-31,23:44:29,-08:00,2025-01-31T23:44:29-08:00,0,1
index.js,28,js,e215e898,t6chow,2025-01-31,23:44:29,-08:00,2025-01-31T23:44:29-08:00,0,0
index.html,1,html,7209d551,t6chow,2025-01-20,11:05:58,-08:00,2025-01-20T11:05:58-08:00,0,14
index.html,2,html,bbf2cf86,t6chow,2025-01-25,04:00:12,-08:00,2025-01-25T04:00:12-08:00,0,30
index.html,3,html,7209d551,t6chow,2025-01-20,11:05:58,-08:00,2025-01-20T11:05:58-08:00,0,5
index.html,4,html,7209d551,t6chow,2025-01-20,11:05:58,-08:00,2025-01-20T11:05:58-08:00,0,21
index.html,5,html,7209d551,t6chow,2025-01-20,11:05:58,-08:00,2025-01-20T11:05:58-08:00,0,69
index.html,6,html,ff11951b,t6chow,2025-01-20,12:46:41,-08:00,2025-01-20T12:46:41-08:00,0,59
index.html,7,html,aa48e6c7,t6chow,2025-01-20,11:41:28,-08:00,2025-01-20T11:41:28-08:00,0,39
index.html,8,html,bbf2cf86,t6chow,2025-01-25,04:00:12,-08:00,2025-01-25T04:00:12-08:00,0,46
index.html,9,html,e215e898,t6chow,2025-01-31,23:44:29,-08:00,2025-01-31T23:44:29-08:00,0,51
index.html,10,html,7209d551,t6chow,2025-01-20,11:05:58,-08:00,2025-01-20T11:05:58-08:00,0,6
index.html,11,html,9b58013f,t6chow,2025-01-24,22:40:06,-08:00,2025-01-24T22:40:06-08:00,0,20
index.html,12,html,f993a7be,t6chow,2025-01-20,22:32:42,-08:00,2025-01-20T22:32:42-08:00,0,19
index.html,13,html,2ecaac65,t6chow,2025-01-20,11:14:12,-08:00,2025-01-20T11:14:12-08:00,0,99
index.html,14,html,bbf2cf86,t6chow,2025-01-25,04:00:12,-08:00,2025-01-25T04:00:12-08:00,0,9
index.html,15,html,a5ec477f,t6chow,2025-01-20,11:56:47,-08:00,2025-01-20T11:56:47-08:00,0,61
index.html,16,html,a5ec477f,t6chow,2025-01-20,11:56:47,-08:00,2025-01-20T11:56:47-08:00,0,3
index.html,17,html,bbf2cf86,t6chow,2025-01-25,04:00:12,-08:00,2025-01-25T04:00:12-08:00,0,37
index.html,18,html,125746f0,t6chow,2025-01-20,12:50:19,-08:00,2025-01-20T12:50:19-08:00,0,50
index.html,19,html,125746f0,t6chow,2025-01-20,12:50:19,-08:00,2025-01-20T12:50:19-08:00,0,48
index.html,20,html,9b58013f,t6chow,2025-01-24,22:40:06,-08:00,2025-01-24T22:40:06-08:00,0,40
index.html,21,html,a5ec477f,t6chow,2025-01-20,11:56:47,-08:00,2025-01-20T11:56:47-08:00,0,4
index.html,22,html,bbf2cf86,t6chow,2025-01-25,04:00:12,-08:00,2025-01-25T04:00:12-08:00,0,9
index.html,23,html,6b740441,t6chow,2025-01-20,14:35:15,-08:00,2025-01-20T14:35:15-08:00,0,0
index.html,24,html,e215e898,t6chow,2025-01-31,23:44:29,-08:00,2025-01-31T23:44:29-08:00,0,23
index.html,25,html,e215e898,t6chow,2025-01-31,23:44:29,-08:00,2025-01-31T23:44:29-08:00,0,23
index.html,26,html,e215e898,t6chow,2025-01-31,23:44:29,-08:00,2025-01-31T23:44:29-08:00,0,50
index.html,27,html,e215e898,t6chow,2025-01-31,23:44:29,-08:00,2025-01-31T23:44:29-08:00,0,5
index.html,28,html,6b740441,t6chow,2025-01-20,14:35:15,-08:00,2025-01-20T14:35:15-08:00,0,0
index.html,29,html,e215e898,t6chow,2025-01-31,23:44:29,-08:00,2025-01-31T23:44:29-08:00,0,23
index.html,30,html,e215e898,t6chow,2025-01-31,23:44:29,-08:00,2025-01-31T23:44:29-08:00,0,21
index.html,31,html,e215e898,t6chow,2025-01-31,23:44:29,-08:00,2025-01-31T23:44:29-08:00,0,50
index.html,32,html,e215e898,t6chow,2025-01-31,23:44:29,-08:00,2025-01-31T23:44:29-08:00,0,5
index.html,33,html,6b740441,t6chow,2025-01-20,14:35:15,-08:00,2025-01-20T14:35:15-08:00,0,0
index.html,34,html,6b740441,t6chow,2025-01-20,14:35:15,-08:00,2025-01-20T14:35:15-08:00,0,0
index.html,35,html,6b740441,t6chow,2025-01-20,14:35:15,-08:00,2025-01-20T14:35:15-08:00,0,0
index.html,36,html,6b740441,t6chow,2025-01-20,14:35:15,-08:00,2025-01-20T14:35:15-08:00,0,0
index.html,37,html,6b740441,t6chow,2025-01-20,14:35:15,-08:00,2025-01-20T14:35:15-08:00,0,0
index.html,38,html,6b740441,t6chow,2025-01-20,14:35:15,-08:00,2025-01-20T14:35:15-08:00,0,0
index.html,39,html,6b740441,t6chow,2025-01-20,14:35:15,-08:00,2025-01-20T14:35:15-08:00,0,8
index.html,40,html,cc3b514f,t6chow,2025-01-20,14:03:32,-08:00,2025-01-20T14:03:32-08:00,0,129
index.html,41,html,cc3b514f,t6chow,2025-01-20,14:03:32,-08:00,2025-01-20T14:03:32-08:00,0,2
index.html,42,html,02c00ba3,t6chow,2025-02-11,15:30:33,-08:00,2025-02-11T15:30:33-08:00,0,84
index.html,43,html,cc3b514f,t6chow,2025-01-20,14:03:32,-08:00,2025-01-20T14:03:32-08:00,0,3
index.html,44,html,cc3b514f,t6chow,2025-01-20,14:03:32,-08:00,2025-01-20T14:03:32-08:00,0,0
index.html,45,html,02c00ba3,t6chow,2025-02-11,15:30:33,-08:00,2025-02-11T15:30:33-08:00,0,93
index.html,46,html,6b740441,t6chow,2025-01-20,14:35:15,-08:00,2025-01-20T14:35:15-08:00,0,9
index.html,47,html,7209d551,t6chow,2025-01-20,11:05:58,-08:00,2025-01-20T11:05:58-08:00,0,6
index.html,48,html,7209d551,t6chow,2025-01-20,11:05:58,-08:00,2025-01-20T11:05:58-08:00,0,6
global.js,1,js,4b5fc57b,t6chow,2025-01-21,00:28:12,-08:00,2025-01-21T00:28:12-08:00,0,26
global.js,2,js,4b5fc57b,t6chow,2025-01-21,00:28:12,-08:00,2025-01-21T00:28:12-08:00,0,0
global.js,3,js,ddceb741,t6chow,2025-01-25,04:45:17,-08:00,2025-01-25T04:45:17-08:00,0,102
global.js,4,js,f8303274,t6chow,2025-01-25,04:41:04,-08:00,2025-01-25T04:41:04-08:00,0,12
global.js,5,js,f8303274,t6chow,2025-01-25,04:41:04,-08:00,2025-01-25T04:41:04-08:00,0,0
global.js,6,js,4b5fc57b,t6chow,2025-01-21,00:28:12,-08:00,2025-01-21T00:28:12-08:00,0,42
global.js,7,js,4b5fc57b,t6chow,2025-01-21,00:28:12,-08:00,2025-01-21T00:28:12-08:00,0,53
global.js,8,js,bbf2cf86,t6chow,2025-01-25,04:00:12,-08:00,2025-01-25T04:00:12-08:00,0,0
global.js,9,js,bbf2cf86,t6chow,2025-01-25,04:00:12,-08:00,2025-01-25T04:00:12-08:00,0,0
global.js,10,js,bbf2cf86,t6chow,2025-01-25,04:00:12,-08:00,2025-01-25T04:00:12-08:00,0,31
global.js,11,js,bbf2cf86,t6chow,2025-01-25,04:00:12,-08:00,2025-01-25T04:00:12-08:00,0,0
global.js,12,js,bbf2cf86,t6chow,2025-01-25,04:00:12,-08:00,2025-01-25T04:00:12-08:00,0,36
global.js,13,js,bbf2cf86,t6chow,2025-01-25,04:00:12,-08:00,2025-01-25T04:00:12-08:00,0,71
global.js,14,js,bbf2cf86,t6chow,2025-01-25,04:00:12,-08:00,2025-01-25T04:00:12-08:00,0,4
global.js,15,js,bbf2cf86,t6chow,2025-01-25,04:00:12,-08:00,2025-01-25T04:00:12-08:00,0,0
global.js,16,js,bbf2cf86,t6chow,2025-01-25,04:00:12,-08:00,2025-01-25T04:00:12-08:00,0,20
global.js,17,js,bbf2cf86,t6chow,2025-01-25,04:00:12,-08:00,2025-01-25T04:00:12-08:00,0,41
global.js,18,js,bbf2cf86,t6chow,2025-01-25,04:00:12,-08:00,2025-01-25T04:00:12-08:00,0,3
global.js,19,js,bbf2cf86,t6chow,2025-01-25,04:00:12,-08:00,2025-01-25T04:00:12-08:00,0,0
global.js,20,js,bbf2cf86,t6chow,2025-01-25,04:00:12,-08:00,2025-01-25T04:00:12-08:00,0,71
global.js,21,js,bbf2cf86,t6chow,2025-01-25,04:00:12,-08:00,2025-01-25T04:00:12-08:00,0,0
global.js,22,js,f8303274,t6chow,2025-01-25,04:41:04,-08:00,2025-01-25T04:41:04-08:00,0,15
global.js,23,js,f8303274,t6chow,2025-01-25,04:41:04,-08:00,2025-01-25T04:41:04-08:00,0,31
global.js,24,js,f8303274,t6chow,2025-01-25,04:41:04,-08:00,2025-01-25T04:41:04-08:00,0,54
global.js,25,js,f8303274,t6chow,2025-01-25,04:41:04,-08:00,2025-01-25T04:41:04-08:00,0,52
global.js,26,js,f8303274,t6chow,2025-01-25,04:41:04,-08:00,2025-01-25T04:41:04-08:00,0,43
global.js,27,js,f8303274,t6chow,2025-01-25,04:41:04,-08:00,2025-01-25T04:41:04-08:00,0,4
global.js,28,js,f8303274,t6chow,2025-01-25,04:41:04,-08:00,2025-01-25T04:41:04-08:00,0,0
global.js,29,js,bbf2cf86,t6chow,2025-01-25,04:00:12,-08:00,2025-01-25T04:00:12-08:00,0,12
global.js,30,js,519153b9,t6chow,2025-01-31,19:38:52,-08:00,2025-01-31T19:38:52-08:00,0,36
global.js,31,js,519153b9,t6chow,2025-01-31,19:38:52,-08:00,2025-01-31T19:38:52-08:00,0,59
global.js,32,js,519153b9,t6chow,2025-01-31,19:38:52,-08:00,2025-01-31T19:38:52-08:00,0,57
global.js,33,js,4334e194,t6chow,2025-02-10,22:04:01,-08:00,2025-02-10T22:04:01-08:00,0,49
global.js,34,js,4334e194,t6chow,2025-02-10,22:04:01,-08:00,2025-02-10T22:04:01-08:00,0,50
global.js,35,js,bbf2cf86,t6chow,2025-01-25,04:00:12,-08:00,2025-01-25T04:00:12-08:00,0,1
global.js,36,js,f8303274,t6chow,2025-01-25,04:41:04,-08:00,2025-01-25T04:41:04-08:00,0,12
global.js,37,js,bbf2cf86,t6chow,2025-01-25,04:00:12,-08:00,2025-01-25T04:00:12-08:00,0,0
global.js,38,js,bbf2cf86,t6chow,2025-01-25,04:00:12,-08:00,2025-01-25T04:00:12-08:00,0,26
global.js,39,js,bbf2cf86,t6chow,2025-01-25,04:00:12,-08:00,2025-01-25T04:00:12-08:00,0,39
global.js,40,js,bbf2cf86,t6chow,2025-01-25,04:00:12,-08:00,2025-01-25T04:00:12-08:00,0,0
global.js,41,js,bbf2cf86,t6chow,2025-01-25,04:00:12,-08:00,2025-01-25T04:00:12-08:00,0,54
global.js,42,js,bbf2cf86,t6chow,2025-01-25,04:00:12,-08:00,2025-01-25T04:00:12-08:00,0,26
global.js,43,js,bbf2cf86,t6chow,2025-01-25,04:00:12,-08:00,2025-01-25T04:00:12-08:00,0,0
global.js,44,js,bbf2cf86,t6chow,2025-01-25,04:00:12,-08:00,2025-01-25T04:00:12-08:00,0,21
global.js,45,js,bbf2cf86,t6chow,2025-01-25,04:00:12,-08:00,2025-01-25T04:00:12-08:00,0,55
global.js,46,js,bbf2cf86,t6chow,2025-01-25,04:00:12,-08:00,2025-01-25T04:00:12-08:00,0,57
global.js,47,js,bbf2cf86,t6chow,2025-01-25,04:00:12,-08:00,2025-01-25T04:00:12-08:00,0,65
global.js,48,js,bbf2cf86,t6chow,2025-01-25,04:00:12,-08:00,2025-01-25T04:00:12-08:00,0,0
global.js,49,js,bbf2cf86,t6chow,2025-01-25,04:00:12,-08:00,2025-01-25T04:00:12-08:00,0,39
global.js,50,js,bbf2cf86,t6chow,2025-01-25,04:00:12,-08:00,2025-01-25T04:00:12-08:00,0,71
global.js,51,js,bbf2cf86,t6chow,2025-01-25,04:00:12,-08:00,2025-01-25T04:00:12-08:00,0,35
global.js,52,js,bbf2cf86,t6chow,2025-01-25,04:00:12,-08:00,2025-01-25T04:00:12-08:00,0,12
global.js,53,js,bbf2cf86,t6chow,2025-01-25,04:00:12,-08:00,2025-01-25T04:00:12-08:00,0,21
global.js,54,js,bbf2cf86,t6chow,2025-01-25,04:00:12,-08:00,2025-01-25T04:00:12-08:00,0,54
global.js,55,js,bbf2cf86,t6chow,2025-01-25,04:00:12,-08:00,2025-01-25T04:00:12-08:00,0,28
global.js,56,js,bbf2cf86,t6chow,2025-01-25,04:00:12,-08:00,2025-01-25T04:00:12-08:00,0,19
global.js,57,js,bbf2cf86,t6chow,2025-01-25,04:00:12,-08:00,2025-01-25T04:00:12-08:00,0,0
global.js,58,js,bbf2cf86,t6chow,2025-01-25,04:00:12,-08:00,2025-01-25T04:00:12-08:00,0,0
global.js,59,js,bbf2cf86,t6chow,2025-01-25,04:00:12,-08:00,2025-01-25T04:00:12-08:00,0,56
global.js,60,js,bbf2cf86,t6chow,2025-01-25,04:00:12,-08:00,2025-01-25T04:00:12-08:00,0,76
global.js,61,js,bbf2cf86,t6chow,2025-01-25,04:00:12,-08:00,2025-01-25T04:00:12-08:00,0,26
global.js,62,js,bbf2cf86,t6chow,2025-01-25,04:00:12,-08:00,2025-01-25T04:00:12-08:00,0,0
global.js,63,js,bbf2cf86,t6chow,2025-01-25,04:00:12,-08:00,2025-01-25T04:00:12-08:00,0,13
global.js,64,js,2f73399c,t6chow,2025-01-25,04:10:04,-08:00,2025-01-25T04:10:04-08:00,0,0
global.js,65,js,bbf2cf86,t6chow,2025-01-25,04:00:12,-08:00,2025-01-25T04:00:12-08:00,0,0
global.js,66,js,bbf2cf86,t6chow,2025-01-25,04:00:12,-08:00,2025-01-25T04:00:12-08:00,0,32
global.js,67,js,bbf2cf86,t6chow,2025-01-25,04:00:12,-08:00,2025-01-25T04:00:12-08:00,0,12
global.js,68,js,bbf2cf86,t6chow,2025-01-25,04:00:12,-08:00,2025-01-25T04:00:12-08:00,0,0
global.js,69,js,bbf2cf86,t6chow,2025-01-25,04:00:12,-08:00,2025-01-25T04:00:12-08:00,0,27
global.js,70,js,bbf2cf86,t6chow,2025-01-25,04:00:12,-08:00,2025-01-25T04:00:12-08:00,0,5
global.js,71,js,bbf2cf86,t6chow,2025-01-25,04:00:12,-08:00,2025-01-25T04:00:12-08:00,0,25
global.js,72,js,bbf2cf86,t6chow,2025-01-25,04:00:12,-08:00,2025-01-25T04:00:12-08:00,0,53
global.js,73,js,bbf2cf86,t6chow,2025-01-25,04:00:12,-08:00,2025-01-25T04:00:12-08:00,0,35
global.js,74,js,bbf2cf86,t6chow,2025-01-25,04:00:12,-08:00,2025-01-25T04:00:12-08:00,0,33
global.js,75,js,bbf2cf86,t6chow,2025-01-25,04:00:12,-08:00,2025-01-25T04:00:12-08:00,0,8
global.js,76,js,bbf2cf86,t6chow,2025-01-25,04:00:12,-08:00,2025-01-25T04:00:12-08:00,0,7
global.js,77,js,bbf2cf86,t6chow,2025-01-25,04:00:12,-08:00,2025-01-25T04:00:12-08:00,0,0
global.js,78,js,bbf2cf86,t6chow,2025-01-25,04:00:12,-08:00,2025-01-25T04:00:12-08:00,0,1
global.js,79,js,bbf2cf86,t6chow,2025-01-25,04:00:12,-08:00,2025-01-25T04:00:12-08:00,0,0
global.js,80,js,bbf2cf86,t6chow,2025-01-25,04:00:12,-08:00,2025-01-25T04:00:12-08:00,0,54
global.js,81,js,bbf2cf86,t6chow,2025-01-25,04:00:12,-08:00,2025-01-25T04:00:12-08:00,0,0
global.js,82,js,bbf2cf86,t6chow,2025-01-25,04:00:12,-08:00,2025-01-25T04:00:12-08:00,0,34
global.js,83,js,bbf2cf86,t6chow,2025-01-25,04:00:12,-08:00,2025-01-25T04:00:12-08:00,0,31
global.js,84,js,bbf2cf86,t6chow,2025-01-25,04:00:12,-08:00,2025-01-25T04:00:12-08:00,0,92
global.js,85,js,bbf2cf86,t6chow,2025-01-25,04:00:12,-08:00,2025-01-25T04:00:12-08:00,0,77
global.js,86,js,bbf2cf86,t6chow,2025-01-25,04:00:12,-08:00,2025-01-25T04:00:12-08:00,0,0
global.js,87,js,bbf2cf86,t6chow,2025-01-25,04:00:12,-08:00,2025-01-25T04:00:12-08:00,0,0
global.js,88,js,bbf2cf86,t6chow,2025-01-25,04:00:12,-08:00,2025-01-25T04:00:12-08:00,0,66
global.js,89,js,bbf2cf86,t6chow,2025-01-25,04:00:12,-08:00,2025-01-25T04:00:12-08:00,0,35
global.js,90,js,bbf2cf86,t6chow,2025-01-25,04:00:12,-08:00,2025-01-25T04:00:12-08:00,0,40
global.js,91,js,bbf2cf86,t6chow,2025-01-25,04:00:12,-08:00,2025-01-25T04:00:12-08:00,0,7
global.js,92,js,bbf2cf86,t6chow,2025-01-25,04:00:12,-08:00,2025-01-25T04:00:12-08:00,0,54
global.js,93,js,bbf2cf86,t6chow,2025-01-25,04:00:12,-08:00,2025-01-25T04:00:12-08:00,0,0
global.js,94,js,bbf2cf86,t6chow,2025-01-25,04:00:12,-08:00,2025-01-25T04:00:12-08:00,0,0
global.js,95,js,bbf2cf86,t6chow,2025-01-25,04:00:12,-08:00,2025-01-25T04:00:12-08:00,0,39
global.js,96,js,bbf2cf86,t6chow,2025-01-25,04:00:12,-08:00,2025-01-25T04:00:12-08:00,0,59
global.js,97,js,bbf2cf86,t6chow,2025-01-25,04:00:12,-08:00,2025-01-25T04:00:12-08:00,0,50
global.js,98,js,bbf2cf86,t6chow,2025-01-25,04:00:12,-08:00,2025-01-25T04:00:12-08:00,0,92
global.js,99,js,bbf2cf86,t6chow,2025-01-25,04:00:12,-08:00,2025-01-25T04:00:12-08:00,0,91
global.js,100,js,bbf2cf86,t6chow,2025-01-25,04:00:12,-08:00,2025-01-25T04:00:12-08:00,0,44
global.js,101,js,2f73399c,t6chow,2025-01-25,04:10:04,-08:00,2025-01-25T04:10:04-08:00,0,2
global.js,102,js,e215e898,t6chow,2025-01-31,23:44:29,-08:00,2025-01-31T23:44:29-08:00,0,0
global.js,103,js,e215e898,t6chow,2025-01-31,23:44:29,-08:00,2025-01-31T23:44:29-08:00,0,0
global.js,104,js,e215e898,t6chow,2025-01-31,23:44:29,-08:00,2025-01-31T23:44:29-08:00,0,37
global.js,105,js,e215e898,t6chow,2025-01-31,23:44:29,-08:00,2025-01-31T23:44:29-08:00,0,4
global.js,106,js,e215e898,t6chow,2025-01-31,23:44:29,-08:00,2025-01-31T23:44:29-08:00,0,40
global.js,107,js,e215e898,t6chow,2025-01-31,23:44:29,-08:00,2025-01-31T23:44:29-08:00,0,33
global.js,108,js,e215e898,t6chow,2025-01-31,23:44:29,-08:00,2025-01-31T23:44:29-08:00,0,0
global.js,109,js,e215e898,t6chow,2025-01-31,23:44:29,-08:00,2025-01-31T23:44:29-08:00,0,18
global.js,110,js,e215e898,t6chow,2025-01-31,23:44:29,-08:00,2025-01-31T23:44:29-08:00,0,67
global.js,111,js,e215e898,t6chow,2025-01-31,23:44:29,-08:00,2025-01-31T23:44:29-08:00,0,0
global.js,112,js,e215e898,t6chow,2025-01-31,23:44:29,-08:00,2025-01-31T23:44:29-08:00,0,0
global.js,113,js,e215e898,t6chow,2025-01-31,23:44:29,-08:00,2025-01-31T23:44:29-08:00,0,51
global.js,114,js,e215e898,t6chow,2025-01-31,23:44:29,-08:00,2025-01-31T23:44:29-08:00,0,0
global.js,115,js,e215e898,t6chow,2025-01-31,23:44:29,-08:00,2025-01-31T23:44:29-08:00,0,34
global.js,116,js,e215e898,t6chow,2025-01-31,23:44:29,-08:00,2025-01-31T23:44:29-08:00,0,11
global.js,117,js,e215e898,t6chow,2025-01-31,23:44:29,-08:00,2025-01-31T23:44:29-08:00,0,0
global.js,118,js,e215e898,t6chow,2025-01-31,23:44:29,-08:00,2025-01-31T23:44:29-08:00,0,16
global.js,119,js,e215e898,t6chow,2025-01-31,23:44:29,-08:00,2025-01-31T23:44:29-08:00,0,60
global.js,120,js,e215e898,t6chow,2025-01-31,23:44:29,-08:00,2025-01-31T23:44:29-08:00,0,9
global.js,121,js,e215e898,t6chow,2025-01-31,23:44:29,-08:00,2025-01-31T23:44:29-08:00,0,0
global.js,122,js,e215e898,t6chow,2025-01-31,23:44:29,-08:00,2025-01-31T23:44:29-08:00,0,0
global.js,123,js,e215e898,t6chow,2025-01-31,23:44:29,-08:00,2025-01-31T23:44:29-08:00,0,0
global.js,124,js,e215e898,t6chow,2025-01-31,23:44:29,-08:00,2025-01-31T23:44:29-08:00,0,80
global.js,125,js,e215e898,t6chow,2025-01-31,23:44:29,-08:00,2025-01-31T23:44:29-08:00,0,28
global.js,126,js,e215e898,t6chow,2025-01-31,23:44:29,-08:00,2025-01-31T23:44:29-08:00,0,31
global.js,127,js,e215e898,t6chow,2025-01-31,23:44:29,-08:00,2025-01-31T23:44:29-08:00,0,0
global.js,128,js,e215e898,t6chow,2025-01-31,23:44:29,-08:00,2025-01-31T23:44:29-08:00,0,50
global.js,129,js,e215e898,t6chow,2025-01-31,23:44:29,-08:00,2025-01-31T23:44:29-08:00,0,28
global.js,130,js,e215e898,t6chow,2025-01-31,23:44:29,-08:00,2025-01-31T23:44:29-08:00,0,49
global.js,131,js,e215e898,t6chow,2025-01-31,23:44:29,-08:00,2025-01-31T23:44:29-08:00,0,0
global.js,132,js,5c2ed6be,t6chow,2025-02-07,23:53:17,-08:00,2025-02-07T23:53:17-08:00,0,20
global.js,133,js,5c2ed6be,t6chow,2025-02-07,23:53:17,-08:00,2025-02-07T23:53:17-08:00,0,50
global.js,134,js,5c2ed6be,t6chow,2025-02-07,23:53:17,-08:00,2025-02-07T23:53:17-08:00,0,50
global.js,135,js,5c2ed6be,t6chow,2025-02-07,23:53:17,-08:00,2025-02-07T23:53:17-08:00,0,4
global.js,136,js,5c2ed6be,t6chow,2025-02-07,23:53:17,-08:00,2025-02-07T23:53:17-08:00,0,28
global.js,137,js,5c2ed6be,t6chow,2025-02-07,23:53:17,-08:00,2025-02-07T23:53:17-08:00,0,66
global.js,138,js,5c2ed6be,t6chow,2025-02-07,23:53:17,-08:00,2025-02-07T23:53:17-08:00,0,5
global.js,139,js,5c2ed6be,t6chow,2025-02-07,23:53:17,-08:00,2025-02-07T23:53:17-08:00,0,1
global.js,140,js,e215e898,t6chow,2025-01-31,23:44:29,-08:00,2025-01-31T23:44:29-08:00,0,0
global.js,141,js,e215e898,t6chow,2025-01-31,23:44:29,-08:00,2025-01-31T23:44:29-08:00,0,37
global.js,142,js,e215e898,t6chow,2025-01-31,23:44:29,-08:00,2025-01-31T23:44:29-08:00,0,37
global.js,143,js,e215e898,t6chow,2025-01-31,23:44:29,-08:00,2025-01-31T23:44:29-08:00,0,2
global.js,144,js,e215e898,t6chow,2025-01-31,23:44:29,-08:00,2025-01-31T23:44:29-08:00,0,0
global.js,145,js,e215e898,t6chow,2025-01-31,23:44:29,-08:00,2025-01-31T23:44:29-08:00,0,0
global.js,146,js,e215e898,t6chow,2025-01-31,23:44:29,-08:00,2025-01-31T23:44:29-08:00,0,48
global.js,147,js,e215e898,t6chow,2025-01-31,23:44:29,-08:00,2025-01-31T23:44:29-08:00,0,60
global.js,148,js,e215e898,t6chow,2025-01-31,23:44:29,-08:00,2025-01-31T23:44:29-08:00,0,0
global.js,149,js,e215e898,t6chow,2025-01-31,23:44:29,-08:00,2025-01-31T23:44:29-08:00,0,0
projects/projects.js,1,js,5c2ed6be,t6chow,2025-02-07,23:53:17,-08:00,2025-02-07T23:53:17-08:00,0,64
projects/projects.js,2,js,e215e898,t6chow,2025-01-31,23:44:29,-08:00,2025-01-31T23:44:29-08:00,0,56
projects/projects.js,3,js,e215e898,t6chow,2025-01-31,23:44:29,-08:00,2025-01-31T23:44:29-08:00,0,0
projects/projects.js,4,js,e215e898,t6chow,2025-01-31,23:44:29,-08:00,2025-01-31T23:44:29-08:00,0,24
projects/projects.js,5,js,e215e898,t6chow,2025-01-31,23:44:29,-08:00,2025-01-31T23:44:29-08:00,0,56
projects/projects.js,6,js,e215e898,t6chow,2025-01-31,23:44:29,-08:00,2025-01-31T23:44:29-08:00,0,0
projects/projects.js,7,js,e215e898,t6chow,2025-01-31,23:44:29,-08:00,2025-01-31T23:44:29-08:00,0,59
projects/projects.js,8,js,e215e898,t6chow,2025-01-31,23:44:29,-08:00,2025-01-31T23:44:29-08:00,0,61
projects/projects.js,9,js,e215e898,t6chow,2025-01-31,23:44:29,-08:00,2025-01-31T23:44:29-08:00,0,0
projects/projects.js,10,js,e215e898,t6chow,2025-01-31,23:44:29,-08:00,2025-01-31T23:44:29-08:00,0,35
projects/projects.js,11,js,e215e898,t6chow,2025-01-31,23:44:29,-08:00,2025-01-31T23:44:29-08:00,0,63
projects/projects.js,12,js,e215e898,t6chow,2025-01-31,23:44:29,-08:00,2025-01-31T23:44:29-08:00,0,0
projects/projects.js,13,js,e215e898,t6chow,2025-01-31,23:44:29,-08:00,2025-01-31T23:44:29-08:00,0,55
projects/projects.js,14,js,e215e898,t6chow,2025-01-31,23:44:29,-08:00,2025-01-31T23:44:29-08:00,0,40
projects/projects.js,15,js,e215e898,t6chow,2025-01-31,23:44:29,-08:00,2025-01-31T23:44:29-08:00,0,41
projects/projects.js,16,js,e215e898,t6chow,2025-01-31,23:44:29,-08:00,2025-01-31T23:44:29-08:00,0,57
projects/projects.js,17,js,e215e898,t6chow,2025-01-31,23:44:29,-08:00,2025-01-31T23:44:29-08:00,0,0
projects/projects.js,18,js,e215e898,t6chow,2025-01-31,23:44:29,-08:00,2025-01-31T23:44:29-08:00,0,52
projects/projects.js,19,js,e215e898,t6chow,2025-01-31,23:44:29,-08:00,2025-01-31T23:44:29-08:00,0,49
projects/projects.js,20,js,e215e898,t6chow,2025-01-31,23:44:29,-08:00,2025-01-31T23:44:29-08:00,0,7
projects/projects.js,21,js,e215e898,t6chow,2025-01-31,23:44:29,-08:00,2025-01-31T23:44:29-08:00,0,55
projects/projects.js,22,js,e215e898,t6chow,2025-01-31,23:44:29,-08:00,2025-01-31T23:44:29-08:00,0,0
projects/projects.js,23,js,5c2ed6be,t6chow,2025-02-07,23:53:17,-08:00,2025-02-07T23:53:17-08:00,0,38
projects/projects.js,24,js,5c2ed6be,t6chow,2025-02-07,23:53:17,-08:00,2025-02-07T23:53:17-08:00,0,27
projects/projects.js,25,js,5c2ed6be,t6chow,2025-02-07,23:53:17,-08:00,2025-02-07T23:53:17-08:00,0,8
projects/projects.js,26,js,5c2ed6be,t6chow,2025-02-07,23:53:17,-08:00,2025-02-07T23:53:17-08:00,0,15
projects/projects.js,27,js,5c2ed6be,t6chow,2025-02-07,23:53:17,-08:00,2025-02-07T23:53:17-08:00,0,12
projects/projects.js,28,js,5c2ed6be,t6chow,2025-02-07,23:53:17,-08:00,2025-02-07T23:53:17-08:00,0,1
projects/projects.js,29,js,5c2ed6be,t6chow,2025-02-07,23:53:17,-08:00,2025-02-07T23:53:17-08:00,0,0
projects/projects.js,30,js,5c2ed6be,t6chow,2025-02-07,23:53:17,-08:00,2025-02-07T23:53:17-08:00,0,63
projects/projects.js,31,js,5c2ed6be,t6chow,2025-02-07,23:53:17,-08:00,2025-02-07T23:53:17-08:00,0,45
projects/projects.js,32,js,5c2ed6be,t6chow,2025-02-07,23:53:17,-08:00,2025-02-07T23:53:17-08:00,0,36
projects/projects.js,33,js,5c2ed6be,t6chow,2025-02-07,23:53:17,-08:00,2025-02-07T23:53:17-08:00,0,2
projects/projects.js,34,js,5c2ed6be,t6chow,2025-02-07,23:53:17,-08:00,2025-02-07T23:53:17-08:00,0,0
projects/projects.js,35,js,5c2ed6be,t6chow,2025-02-07,23:53:17,-08:00,2025-02-07T23:53:17-08:00,0,38
projects/projects.js,36,js,5c2ed6be,t6chow,2025-02-07,23:53:17,-08:00,2025-02-07T23:53:17-08:00,0,51
projects/projects.js,37,js,5c2ed6be,t6chow,2025-02-07,23:53:17,-08:00,2025-02-07T23:53:17-08:00,0,0
projects/projects.js,38,js,5c2ed6be,t6chow,2025-02-07,23:53:17,-08:00,2025-02-07T23:53:17-08:00,0,50
projects/projects.js,39,js,5c2ed6be,t6chow,2025-02-07,23:53:17,-08:00,2025-02-07T23:53:17-08:00,0,34
projects/projects.js,40,js,5c2ed6be,t6chow,2025-02-07,23:53:17,-08:00,2025-02-07T23:53:17-08:00,0,0
projects/projects.js,41,js,5c2ed6be,t6chow,2025-02-07,23:53:17,-08:00,2025-02-07T23:53:17-08:00,0,21
projects/projects.js,42,js,5c2ed6be,t6chow,2025-02-07,23:53:17,-08:00,2025-02-07T23:53:17-08:00,0,58
projects/projects.js,43,js,5c2ed6be,t6chow,2025-02-07,23:53:17,-08:00,2025-02-07T23:53:17-08:00,0,0
projects/projects.js,44,js,5c2ed6be,t6chow,2025-02-07,23:53:17,-08:00,2025-02-07T23:53:17-08:00,0,20
projects/projects.js,45,js,5c2ed6be,t6chow,2025-02-07,23:53:17,-08:00,2025-02-07T23:53:17-08:00,0,48
projects/projects.js,46,js,5c2ed6be,t6chow,2025-02-07,23:53:17,-08:00,2025-02-07T23:53:17-08:00,0,0
projects/projects.js,47,js,5c2ed6be,t6chow,2025-02-07,23:53:17,-08:00,2025-02-07T23:53:17-08:00,0,37
projects/projects.js,48,js,5c2ed6be,t6chow,2025-02-07,23:53:17,-08:00,2025-02-07T23:53:17-08:00,0,71
projects/projects.js,49,js,5c2ed6be,t6chow,2025-02-07,23:53:17,-08:00,2025-02-07T23:53:17-08:00,0,0
projects/projects.js,50,js,5c2ed6be,t6chow,2025-02-07,23:53:17,-08:00,2025-02-07T23:53:17-08:00,0,28
projects/projects.js,51,js,5c2ed6be,t6chow,2025-02-07,23:53:17,-08:00,2025-02-07T23:53:17-08:00,0,17
projects/projects.js,52,js,5c2ed6be,t6chow,2025-02-07,23:53:17,-08:00,2025-02-07T23:53:17-08:00,0,26
projects/projects.js,53,js,5c2ed6be,t6chow,2025-02-07,23:53:17,-08:00,2025-02-07T23:53:17-08:00,0,26
projects/projects.js,54,js,5c2ed6be,t6chow,2025-02-07,23:53:17,-08:00,2025-02-07T23:53:17-08:00,0,2
projects/projects.js,55,js,5c2ed6be,t6chow,2025-02-07,23:53:17,-08:00,2025-02-07T23:53:17-08:00,0,0
projects/projects.js,56,js,5c2ed6be,t6chow,2025-02-07,23:53:17,-08:00,2025-02-07T23:53:17-08:00,0,39
projects/projects.js,57,js,5c2ed6be,t6chow,2025-02-07,23:53:17,-08:00,2025-02-07T23:53:17-08:00,0,33
projects/projects.js,58,js,5c2ed6be,t6chow,2025-02-07,23:53:17,-08:00,2025-02-07T23:53:17-08:00,0,63
projects/projects.js,59,js,5c2ed6be,t6chow,2025-02-07,23:53:17,-08:00,2025-02-07T23:53:17-08:00,0,0
projects/projects.js,60,js,5c2ed6be,t6chow,2025-02-07,23:53:17,-08:00,2025-02-07T23:53:17-08:00,0,25
projects/projects.js,61,js,5c2ed6be,t6chow,2025-02-07,23:53:17,-08:00,2025-02-07T23:53:17-08:00,0,18
projects/projects.js,62,js,5c2ed6be,t6chow,2025-02-07,23:53:17,-08:00,2025-02-07T23:53:17-08:00,0,39
projects/projects.js,63,js,5c2ed6be,t6chow,2025-02-07,23:53:17,-08:00,2025-02-07T23:53:17-08:00,0,70
projects/projects.js,64,js,5c2ed6be,t6chow,2025-02-07,23:53:17,-08:00,2025-02-07T23:53:17-08:00,0,2
projects/projects.js,65,js,5c2ed6be,t6chow,2025-02-07,23:53:17,-08:00,2025-02-07T23:53:17-08:00,0,0
projects/projects.js,66,js,5c2ed6be,t6chow,2025-02-07,23:53:17,-08:00,2025-02-07T23:53:17-08:00,0,14
projects/projects.js,67,js,5c2ed6be,t6chow,2025-02-07,23:53:17,-08:00,2025-02-07T23:53:17-08:00,0,0
projects/projects.js,68,js,5c2ed6be,t6chow,2025-02-07,23:53:17,-08:00,2025-02-07T23:53:17-08:00,0,54
projects/projects.js,69,js,5c2ed6be,t6chow,2025-02-07,23:53:17,-08:00,2025-02-07T23:53:17-08:00,0,0
projects/projects.js,70,js,5c2ed6be,t6chow,2025-02-07,23:53:17,-08:00,2025-02-07T23:53:17-08:00,0,49
projects/projects.js,71,js,5c2ed6be,t6chow,2025-02-07,23:53:17,-08:00,2025-02-07T23:53:17-08:00,0,40
projects/projects.js,72,js,5c2ed6be,t6chow,2025-02-07,23:53:17,-08:00,2025-02-07T23:53:17-08:00,0,0
projects/projects.js,73,js,5c2ed6be,t6chow,2025-02-07,23:53:17,-08:00,2025-02-07T23:53:17-08:00,0,52
projects/projects.js,74,js,5c2ed6be,t6chow,2025-02-07,23:53:17,-08:00,2025-02-07T23:53:17-08:00,0,60
projects/projects.js,75,js,5c2ed6be,t6chow,2025-02-07,23:53:17,-08:00,2025-02-07T23:53:17-08:00,0,29
projects/projects.js,76,js,5c2ed6be,t6chow,2025-02-07,23:53:17,-08:00,2025-02-07T23:53:17-08:00,0,2
projects/projects.js,77,js,5c2ed6be,t6chow,2025-02-07,23:53:17,-08:00,2025-02-07T23:53:17-08:00,0,0
projects/projects.js,78,js,5c2ed6be,t6chow,2025-02-07,23:53:17,-08:00,2025-02-07T23:53:17-08:00,0,57
projects/projects.js,79,js,5c2ed6be,t6chow,2025-02-07,23:53:17,-08:00,2025-02-07T23:53:17-08:00,0,32
projects/projects.js,80,js,5c2ed6be,t6chow,2025-02-07,23:53:17,-08:00,2025-02-07T23:53:17-08:00,0,2
projects/projects.js,81,js,5c2ed6be,t6chow,2025-02-07,23:53:17,-08:00,2025-02-07T23:53:17-08:00,0,0
projects/projects.js,82,js,5c2ed6be,t6chow,2025-02-07,23:53:17,-08:00,2025-02-07T23:53:17-08:00,0,0
projects/projects.js,83,js,5c2ed6be,t6chow,2025-02-07,23:53:17,-08:00,2025-02-07T23:53:17-08:00,0,39
projects/projects.js,84,js,5c2ed6be,t6chow,2025-02-07,23:53:17,-08:00,2025-02-07T23:53:17-08:00,0,33
projects/projects.js,85,js,5c2ed6be,t6chow,2025-02-07,23:53:17,-08:00,2025-02-07T23:53:17-08:00,0,29
projects/projects.js,86,js,5c2ed6be,t6chow,2025-02-07,23:53:17,-08:00,2025-02-07T23:53:17-08:00,0,33
projects/projects.js,87,js,5c2ed6be,t6chow,2025-02-07,23:53:17,-08:00,2025-02-07T23:53:17-08:00,0,33
projects/projects.js,88,js,5c2ed6be,t6chow,2025-02-07,23:53:17,-08:00,2025-02-07T23:53:17-08:00,0,30
projects/projects.js,89,js,5c2ed6be,t6chow,2025-02-07,23:53:17,-08:00,2025-02-07T23:53:17-08:00,0,0
projects/projects.js,90,js,5c2ed6be,t6chow,2025-02-07,23:53:17,-08:00,2025-02-07T23:53:17-08:00,0,25
projects/projects.js,91,js,5c2ed6be,t6chow,2025-02-07,23:53:17,-08:00,2025-02-07T23:53:17-08:00,0,30
projects/projects.js,92,js,5c2ed6be,t6chow,2025-02-07,23:53:17,-08:00,2025-02-07T23:53:17-08:00,0,13
projects/projects.js,93,js,5c2ed6be,t6chow,2025-02-07,23:53:17,-08:00,2025-02-07T23:53:17-08:00,0,15
projects/projects.js,94,js,5c2ed6be,t6chow,2025-02-07,23:53:17,-08:00,2025-02-07T23:53:17-08:00,0,12
projects/projects.js,95,js,5c2ed6be,t6chow,2025-02-07,23:53:17,-08:00,2025-02-07T23:53:17-08:00,0,1
projects/projects.js,96,js,5c2ed6be,t6chow,2025-02-07,23:53:17,-08:00,2025-02-07T23:53:17-08:00,0,0
projects/projects.js,97,js,5c2ed6be,t6chow,2025-02-07,23:53:17,-08:00,2025-02-07T23:53:17-08:00,0,18
projects/projects.js,98,js,5c2ed6be,t6chow,2025-02-07,23:53:17,-08:00,2025-02-07T23:53:17-08:00,0,51
projects/projects.js,99,js,5c2ed6be,t6chow,2025-02-07,23:53:17,-08:00,2025-02-07T23:53:17-08:00,0,36
projects/projects.js,100,js,5c2ed6be,t6chow,2025-02-07,23:53:17,-08:00,2025-02-07T23:53:17-08:00,0,2
projects/projects.js,101,js,5c2ed6be,t6chow,2025-02-07,23:53:17,-08:00,2025-02-07T23:53:17-08:00,0,0
projects/projects.js,102,js,5c2ed6be,t6chow,2025-02-07,23:53:17,-08:00,2025-02-07T23:53:17-08:00,0,42
projects/projects.js,103,js,5c2ed6be,t6chow,2025-02-07,23:53:17,-08:00,2025-02-07T23:53:17-08:00,0,54
projects/projects.js,104,js,5c2ed6be,t6chow,2025-02-07,23:53:17,-08:00,2025-02-07T23:53:17-08:00,0,43
projects/projects.js,105,js,5c2ed6be,t6chow,2025-02-07,23:53:17,-08:00,2025-02-07T23:53:17-08:00,0,58
projects/projects.js,106,js,5c2ed6be,t6chow,2025-02-07,23:53:17,-08:00,2025-02-07T23:53:17-08:00,0,48
projects/projects.js,107,js,5c2ed6be,t6chow,2025-02-07,23:53:17,-08:00,2025-02-07T23:53:17-08:00,0,0
projects/projects.js,108,js,5c2ed6be,t6chow,2025-02-07,23:53:17,-08:00,2025-02-07T23:53:17-08:00,0,40
projects/projects.js,109,js,5c2ed6be,t6chow,2025-02-07,23:53:17,-08:00,2025-02-07T23:53:17-08:00,0,34
projects/projects.js,110,js,5c2ed6be,t6chow,2025-02-07,23:53:17,-08:00,2025-02-07T23:53:17-08:00,0,25
projects/projects.js,111,js,5c2ed6be,t6chow,2025-02-07,23:53:17,-08:00,2025-02-07T23:53:17-08:00,0,33
projects/projects.js,112,js,5c2ed6be,t6chow,2025-02-07,23:53:17,-08:00,2025-02-07T23:53:17-08:00,0,32
projects/projects.js,113,js,5c2ed6be,t6chow,2025-02-07,23:53:17,-08:00,2025-02-07T23:53:17-08:00,0,30
projects/projects.js,114,js,5c2ed6be,t6chow,2025-02-07,23:53:17,-08:00,2025-02-07T23:53:17-08:00,0,5
projects/projects.js,115,js,5c2ed6be,t6chow,2025-02-07,23:53:17,-08:00,2025-02-07T23:53:17-08:00,0,0
projects/projects.js,116,js,5c2ed6be,t6chow,2025-02-07,23:53:17,-08:00,2025-02-07T23:53:17-08:00,0,29
projects/projects.js,117,js,5c2ed6be,t6chow,2025-02-07,23:53:17,-08:00,2025-02-07T23:53:17-08:00,0,20
projects/projects.js,118,js,5c2ed6be,t6chow,2025-02-07,23:53:17,-08:00,2025-02-07T23:53:17-08:00,0,26
projects/projects.js,119,js,5c2ed6be,t6chow,2025-02-07,23:53:17,-08:00,2025-02-07T23:53:17-08:00,0,23
projects/projects.js,120,js,5c2ed6be,t6chow,2025-02-07,23:53:17,-08:00,2025-02-07T23:53:17-08:00,0,22
projects/projects.js,121,js,5c2ed6be,t6chow,2025-02-07,23:53:17,-08:00,2025-02-07T23:53:17-08:00,0,19
projects/projects.js,122,js,5c2ed6be,t6chow,2025-02-07,23:53:17,-08:00,2025-02-07T23:53:17-08:00,0,44
projects/projects.js,123,js,5c2ed6be,t6chow,2025-02-07,23:53:17,-08:00,2025-02-07T23:53:17-08:00,0,0
projects/projects.js,124,js,5c2ed6be,t6chow,2025-02-07,23:53:17,-08:00,2025-02-07T23:53:17-08:00,0,33
projects/projects.js,125,js,5c2ed6be,t6chow,2025-02-07,23:53:17,-08:00,2025-02-07T23:53:17-08:00,0,20
projects/projects.js,126,js,5c2ed6be,t6chow,2025-02-07,23:53:17,-08:00,2025-02-07T23:53:17-08:00,0,80
projects/projects.js,127,js,5c2ed6be,t6chow,2025-02-07,23:53:17,-08:00,2025-02-07T23:53:17-08:00,0,0
projects/projects.js,128,js,5c2ed6be,t6chow,2025-02-07,23:53:17,-08:00,2025-02-07T23:53:17-08:00,0,39
projects/projects.js,129,js,5c2ed6be,t6chow,2025-02-07,23:53:17,-08:00,2025-02-07T23:53:17-08:00,0,21
projects/projects.js,130,js,5c2ed6be,t6chow,2025-02-07,23:53:17,-08:00,2025-02-07T23:53:17-08:00,0,69
projects/projects.js,131,js,5c2ed6be,t6chow,2025-02-07,23:53:17,-08:00,2025-02-07T23:53:17-08:00,0,73
projects/projects.js,132,js,5c2ed6be,t6chow,2025-02-07,23:53:17,-08:00,2025-02-07T23:53:17-08:00,0,26
projects/projects.js,133,js,5c2ed6be,t6chow,2025-02-07,23:53:17,-08:00,2025-02-07T23:53:17-08:00,0,56
projects/projects.js,134,js,5c2ed6be,t6chow,2025-02-07,23:53:17,-08:00,2025-02-07T23:53:17-08:00,0,47
projects/projects.js,135,js,5c2ed6be,t6chow,2025-02-07,23:53:17,-08:00,2025-02-07T23:53:17-08:00,0,87
projects/projects.js,136,js,5c2ed6be,t6chow,2025-02-07,23:53:17,-08:00,2025-02-07T23:53:17-08:00,0,0
projects/projects.js,137,js,5c2ed6be,t6chow,2025-02-07,23:53:17,-08:00,2025-02-07T23:53:17-08:00,0,56
projects/projects.js,138,js,5c2ed6be,t6chow,2025-02-07,23:53:17,-08:00,2025-02-07T23:53:17-08:00,0,57
projects/projects.js,139,js,5c2ed6be,t6chow,2025-02-07,23:53:17,-08:00,2025-02-07T23:53:17-08:00,0,70
projects/projects.js,140,js,5c2ed6be,t6chow,2025-02-07,23:53:17,-08:00,2025-02-07T23:53:17-08:00,0,7
projects/projects.js,141,js,5c2ed6be,t6chow,2025-02-07,23:53:17,-08:00,2025-02-07T23:53:17-08:00,0,52
projects/projects.js,142,js,5c2ed6be,t6chow,2025-02-07,23:53:17,-08:00,2025-02-07T23:53:17-08:00,0,54
projects/projects.js,143,js,5c2ed6be,t6chow,2025-02-07,23:53:17,-08:00,2025-02-07T23:53:17-08:00,0,62
projects/projects.js,144,js,5c2ed6be,t6chow,2025-02-07,23:53:17,-08:00,2025-02-07T23:53:17-08:00,0,0
projects/projects.js,145,js,5c2ed6be,t6chow,2025-02-07,23:53:17,-08:00,2025-02-07T23:53:17-08:00,0,0
projects/projects.js,146,js,5c2ed6be,t6chow,2025-02-07,23:53:17,-08:00,2025-02-07T23:53:17-08:00,0,2
projects/projects.js,147,js,5c2ed6be,t6chow,2025-02-07,23:53:17,-08:00,2025-02-07T23:53:17-08:00,0,2
projects/projects.js,148,js,5c2ed6be,t6chow,2025-02-07,23:53:17,-08:00,2025-02-07T23:53:17-08:00,0,0
projects/projects.js,149,js,5c2ed6be,t6chow,2025-02-07,23:53:17,-08:00,2025-02-07T23:53:17-08:00,0,15
projects/projects.js,150,js,5c2ed6be,t6chow,2025-02-07,23:53:17,-08:00,2025-02-07T23:53:17-08:00,0,28
projects/projects.js,151,js,5c2ed6be,t6chow,2025-02-07,23:53:17,-08:00,2025-02-07T23:53:17-08:00,0,18
projects/projects.js,152,js,5c2ed6be,t6chow,2025-02-07,23:53:17,-08:00,2025-02-07T23:53:17-08:00,0,39
projects/projects.js,153,js,5c2ed6be,t6chow,2025-02-07,23:53:17,-08:00,2025-02-07T23:53:17-08:00,0,70
projects/projects.js,154,js,5c2ed6be,t6chow,2025-02-07,23:53:17,-08:00,2025-02-07T23:53:17-08:00,0,2
projects/projects.js,155,js,5c2ed6be,t6chow,2025-02-07,23:53:17,-08:00,2025-02-07T23:53:17-08:00,0,0
projects/projects.js,156,js,e215e898,t6chow,2025-01-31,23:44:29,-08:00,2025-01-31T23:44:29-08:00,0,0
projects/projects.js,157,js,5c2ed6be,t6chow,2025-02-07,23:53:17,-08:00,2025-02-07T23:53:17-08:00,0,28
projects/projects.js,158,js,5c2ed6be,t6chow,2025-02-07,23:53:17,-08:00,2025-02-07T23:53:17-08:00,0,24
projects/projects.js,159,js,e215e898,t6chow,2025-01-31,23:44:29,-08:00,2025-01-31T23:44:29-08:00,0,0
projects/projects.js,160,js,5c2ed6be,t6chow,2025-02-07,23:53:17,-08:00,2025-02-07T23:53:17-08:00,0,22
projects/projects.js,161,js,e215e898,t6chow,2025-01-31,23:44:29,-08:00,2025-01-31T23:44:29-08:00,0,0
projects/projects.js,162,js,5c2ed6be,t6chow,2025-02-07,23:53:17,-08:00,2025-02-07T23:53:17-08:00,0,33
projects/projects.js,163,js,5c2ed6be,t6chow,2025-02-07,23:53:17,-08:00,2025-02-07T23:53:17-08:00,0,67
projects/projects.js,164,js,5c2ed6be,t6chow,2025-02-07,23:53:17,-08:00,2025-02-07T23:53:17-08:00,0,56
projects/projects.js,165,js,e215e898,t6chow,2025-01-31,23:44:29,-08:00,2025-01-31T23:44:29-08:00,0,0
projects/projects.js,166,js,5c2ed6be,t6chow,2025-02-07,23:53:17,-08:00,2025-02-07T23:53:17-08:00,0,41
projects/projects.js,167,js,5c2ed6be,t6chow,2025-02-07,23:53:17,-08:00,2025-02-07T23:53:17-08:00,0,61
projects/projects.js,168,js,5c2ed6be,t6chow,2025-02-07,23:53:17,-08:00,2025-02-07T23:53:17-08:00,0,47
projects/projects.js,169,js,5c2ed6be,t6chow,2025-02-07,23:53:17,-08:00,2025-02-07T23:53:17-08:00,0,44
projects/projects.js,170,js,5c2ed6be,t6chow,2025-02-07,23:53:17,-08:00,2025-02-07T23:53:17-08:00,0,7
projects/projects.js,171,js,5c2ed6be,t6chow,2025-02-07,23:53:17,-08:00,2025-02-07T23:53:17-08:00,0,3
projects/index.html,1,html,a5ec477f,t6chow,2025-01-20,11:56:47,-08:00,2025-01-20T11:56:47-08:00,0,14
projects/index.html,2,html,a5ec477f,t6chow,2025-01-20,11:56:47,-08:00,2025-01-20T11:56:47-08:00,0,15
projects/index.html,3,html,a5ec477f,t6chow,2025-01-20,11:56:47,-08:00,2025-01-20T11:56:47-08:00,0,5
projects/index.html,4,html,a5ec477f,t6chow,2025-01-20,11:56:47,-08:00,2025-01-20T11:56:47-08:00,0,21
projects/index.html,5,html,a5ec477f,t6chow,2025-01-20,11:56:47,-08:00,2025-01-20T11:56:47-08:00,0,69
projects/index.html,6,html,bbf2cf86,t6chow,2025-01-25,04:00:12,-08:00,2025-01-25T04:00:12-08:00,0,22
projects/index.html,7,html,9b58013f,t6chow,2025-01-24,22:40:06,-08:00,2025-01-24T22:40:06-08:00,0,42
projects/index.html,8,html,bbf2cf86,t6chow,2025-01-25,04:00:12,-08:00,2025-01-25T04:00:12-08:00,0,49
projects/index.html,9,html,e215e898,t6chow,2025-01-31,23:44:29,-08:00,2025-01-31T23:44:29-08:00,0,48
projects/index.html,10,html,a5ec477f,t6chow,2025-01-20,11:56:47,-08:00,2025-01-20T11:56:47-08:00,0,6
projects/index.html,11,html,e215e898,t6chow,2025-01-31,23:44:29,-08:00,2025-01-31T23:44:29-08:00,0,25
projects/index.html,12,html,9b58013f,t6chow,2025-01-24,22:40:06,-08:00,2025-01-24T22:40:06-08:00,0,0
projects/index.html,13,html,e215e898,t6chow,2025-01-31,23:44:29,-08:00,2025-01-31T23:44:29-08:00,0,21
projects/index.html,14,html,e215e898,t6chow,2025-01-31,23:44:29,-08:00,2025-01-31T23:44:29-08:00,0,39
projects/index.html,15,html,6b740441,t6chow,2025-01-20,14:35:15,-08:00,2025-01-20T14:35:15-08:00,0,0
projects/index.html,16,html,e215e898,t6chow,2025-01-31,23:44:29,-08:00,2025-01-31T23:44:29-08:00,0,25
projects/index.html,17,html,bbf2cf86,t6chow,2025-01-25,04:00:12,-08:00,2025-01-25T04:00:12-08:00,0,9
projects/index.html,18,html,a5ec477f,t6chow,2025-01-20,11:56:47,-08:00,2025-01-20T11:56:47-08:00,0,61
projects/index.html,19,html,a5ec477f,t6chow,2025-01-20,11:56:47,-08:00,2025-01-20T11:56:47-08:00,0,3
projects/index.html,20,html,e215e898,t6chow,2025-01-31,23:44:29,-08:00,2025-01-31T23:44:29-08:00,0,37
projects/index.html,21,html,e215e898,t6chow,2025-01-31,23:44:29,-08:00,2025-01-31T23:44:29-08:00,0,50
projects/index.html,22,html,e215e898,t6chow,2025-01-31,23:44:29,-08:00,2025-01-31T23:44:29-08:00,0,48
projects/index.html,23,html,e215e898,t6chow,2025-01-31,23:44:29,-08:00,2025-01-31T23:44:29-08:00,0,40
projects/index.html,24,html,a5ec477f,t6chow,2025-01-20,11:56:47,-08:00,2025-01-20T11:56:47-08:00,0,4
projects/index.html,25,html,bbf2cf86,t6chow,2025-01-25,04:00:12,-08:00,2025-01-25T04:00:12-08:00,0,9
projects/index.html,26,html,5c2ed6be,t6chow,2025-02-07,23:53:17,-08:00,2025-02-07T23:53:17-08:00,0,22
projects/index.html,27,html,5c2ed6be,t6chow,2025-02-07,23:53:17,-08:00,2025-02-07T23:53:17-08:00,0,53
projects/index.html,28,html,5c2ed6be,t6chow,2025-02-07,23:53:17,-08:00,2025-02-07T23:53:17-08:00,0,78
projects/index.html,29,html,5c2ed6be,t6chow,2025-02-07,23:53:17,-08:00,2025-02-07T23:53:17-08:00,0,5
projects/index.html,30,html,5c2ed6be,t6chow,2025-02-07,23:53:17,-08:00,2025-02-07T23:53:17-08:00,0,23
projects/index.html,31,html,5c2ed6be,t6chow,2025-02-07,23:53:17,-08:00,2025-02-07T23:53:17-08:00,0,5
projects/index.html,32,html,5c2ed6be,t6chow,2025-02-07,23:53:17,-08:00,2025-02-07T23:53:17-08:00,0,0
projects/index.html,33,html,5c2ed6be,t6chow,2025-02-07,23:53:17,-08:00,2025-02-07T23:53:17-08:00,0,29
projects/index.html,34,html,5c2ed6be,t6chow,2025-02-07,23:53:17,-08:00,2025-02-07T23:53:17-08:00,0,0
projects/index.html,35,html,5c2ed6be,t6chow,2025-02-07,23:53:17,-08:00,2025-02-07T23:53:17-08:00,0,5
projects/index.html,36,html,5c2ed6be,t6chow,2025-02-07,23:53:17,-08:00,2025-02-07T23:53:17-08:00,0,16
projects/index.html,37,html,5c2ed6be,t6chow,2025-02-07,23:53:17,-08:00,2025-02-07T23:53:17-08:00,0,12
projects/index.html,38,html,5c2ed6be,t6chow,2025-02-07,23:53:17,-08:00,2025-02-07T23:53:17-08:00,0,27
projects/index.html,39,html,5c2ed6be,t6chow,2025-02-07,23:53:17,-08:00,2025-02-07T23:53:17-08:00,0,32
projects/index.html,40,html,5c2ed6be,t6chow,2025-02-07,23:53:17,-08:00,2025-02-07T23:53:17-08:00,0,1
projects/index.html,41,html,5c2ed6be,t6chow,2025-02-07,23:53:17,-08:00,2025-02-07T23:53:17-08:00,0,5
projects/index.html,42,html,9b58013f,t6chow,2025-01-24,22:40:06,-08:00,2025-01-24T22:40:06-08:00,0,0
projects/index.html,43,html,e215e898,t6chow,2025-01-31,23:44:29,-08:00,2025-01-31T23:44:29-08:00,0,50
projects/index.html,44,html,e215e898,t6chow,2025-01-31,23:44:29,-08:00,2025-01-31T23:44:29-08:00,0,25
projects/index.html,45,html,e215e898,t6chow,2025-01-31,23:44:29,-08:00,2025-01-31T23:44:29-08:00,0,55
projects/index.html,46,html,e215e898,t6chow,2025-01-31,23:44:29,-08:00,2025-01-31T23:44:29-08:00,0,9
projects/index.html,47,html,9b58013f,t6chow,2025-01-24,22:40:06,-08:00,2025-01-24T22:40:06-08:00,0,0
projects/index.html,48,html,a5ec477f,t6chow,2025-01-20,11:56:47,-08:00,2025-01-20T11:56:47-08:00,0,6
projects/index.html,49,html,e215e898,t6chow,2025-01-31,23:44:29,-08:00,2025-01-31T23:44:29-08:00,0,6
projects/index.html,50,html,e215e898,t6chow,2025-01-31,23:44:29,-08:00,2025-01-31T23:44:29-08:00,0,0
meta/main.js,1,js,02c00ba3,t6chow,2025-02-11,15:30:33,-08:00,2025-02-11T15:30:33-08:00,0,64
meta/main.js,2,js,02c00ba3,t6chow,2025-02-11,15:30:33,-08:00,2025-02-11T15:30:33-08:00,0,13
meta/main.js,3,js,02c00ba3,t6chow,2025-02-11,15:30:33,-08:00,2025-02-11T15:30:33-08:00,0,0
meta/main.js,4,js,02c00ba3,t6chow,2025-02-11,15:30:33,-08:00,2025-02-11T15:30:33-08:00,0,0
meta/main.js,5,js,02c00ba3,t6chow,2025-02-11,15:30:33,-08:00,2025-02-11T15:30:33-08:00,0,26
meta/main.js,6,js,02c00ba3,t6chow,2025-02-11,15:30:33,-08:00,2025-02-11T15:30:33-08:00,0,0
meta/main.js,7,js,02c00ba3,t6chow,2025-02-11,15:30:33,-08:00,2025-02-11T15:30:33-08:00,0,41
meta/main.js,8,js,02c00ba3,t6chow,2025-02-11,15:30:33,-08:00,2025-02-11T15:30:33-08:00,0,6
meta/main.js,9,js,02c00ba3,t6chow,2025-02-11,15:30:33,-08:00,2025-02-11T15:30:33-08:00,0,43
meta/main.js,10,js,02c00ba3,t6chow,2025-02-11,15:30:33,-08:00,2025-02-11T15:30:33-08:00,0,24
meta/main.js,11,js,02c00ba3,t6chow,2025-02-11,15:30:33,-08:00,2025-02-11T15:30:33-08:00,0,26
meta/main.js,12,js,02c00ba3,t6chow,2025-02-11,15:30:33,-08:00,2025-02-11T15:30:33-08:00,0,50
meta/main.js,13,js,02c00ba3,t6chow,2025-02-11,15:30:33,-08:00,2025-02-11T15:30:33-08:00,0,32
meta/main.js,14,js,02c00ba3,t6chow,2025-02-11,15:30:33,-08:00,2025-02-11T15:30:33-08:00,0,3
meta/main.js,15,js,02c00ba3,t6chow,2025-02-11,15:30:33,-08:00,2025-02-11T15:30:33-08:00,0,17
meta/main.js,16,js,02c00ba3,t6chow,2025-02-11,15:30:33,-08:00,2025-02-11T15:30:33-08:00,0,16
meta/main.js,17,js,02c00ba3,t6chow,2025-02-11,15:30:33,-08:00,2025-02-11T15:30:33-08:00,0,20
meta/main.js,18,js,02c00ba3,t6chow,2025-02-11,15:30:33,-08:00,2025-02-11T15:30:33-08:00,0,0
meta/main.js,19,js,02c00ba3,t6chow,2025-02-11,15:30:33,-08:00,2025-02-11T15:30:33-08:00,0,0
meta/main.js,20,js,02c00ba3,t6chow,2025-02-11,15:30:33,-08:00,2025-02-11T15:30:33-08:00,0,0
meta/main.js,21,js,02c00ba3,t6chow,2025-02-11,15:30:33,-08:00,2025-02-11T15:30:33-08:00,0,29
meta/main.js,22,js,02c00ba3,t6chow,2025-02-11,15:30:33,-08:00,2025-02-11T15:30:33-08:00,0,18
meta/main.js,23,js,02c00ba3,t6chow,2025-02-11,15:30:33,-08:00,2025-02-11T15:30:33-08:00,0,40
meta/main.js,24,js,02c00ba3,t6chow,2025-02-11,15:30:33,-08:00,2025-02-11T15:30:33-08:00,0,37
meta/main.js,25,js,02c00ba3,t6chow,2025-02-11,15:30:33,-08:00,2025-02-11T15:30:33-08:00,0,31
meta/main.js,26,js,02c00ba3,t6chow,2025-02-11,15:30:33,-08:00,2025-02-11T15:30:33-08:00,0,65
meta/main.js,27,js,02c00ba3,t6chow,2025-02-11,15:30:33,-08:00,2025-02-11T15:30:33-08:00,0,21
meta/main.js,28,js,02c00ba3,t6chow,2025-02-11,15:30:33,-08:00,2025-02-11T15:30:33-08:00,0,25
meta/main.js,29,js,02c00ba3,t6chow,2025-02-11,15:30:33,-08:00,2025-02-11T15:30:33-08:00,0,75
meta/main.js,30,js,02c00ba3,t6chow,2025-02-11,15:30:33,-08:00,2025-02-11T15:30:33-08:00,0,21
meta/main.js,31,js,02c00ba3,t6chow,2025-02-11,15:30:33,-08:00,2025-02-11T15:30:33-08:00,0,19
meta/main.js,32,js,02c00ba3,t6chow,2025-02-11,15:30:33,-08:00,2025-02-11T15:30:33-08:00,0,19
meta/main.js,33,js,02c00ba3,t6chow,2025-02-11,15:30:33,-08:00,2025-02-11T15:30:33-08:00,0,23
meta/main.js,34,js,02c00ba3,t6chow,2025-02-11,15:30:33,-08:00,2025-02-11T15:30:33-08:00,0,23
meta/main.js,35,js,02c00ba3,t6chow,2025-02-11,15:30:33,-08:00,2025-02-11T15:30:33-08:00,0,73
meta/main.js,36,js,02c00ba3,t6chow,2025-02-11,15:30:33,-08:00,2025-02-11T15:30:33-08:00,0,39
meta/main.js,37,js,02c00ba3,t6chow,2025-02-11,15:30:33,-08:00,2025-02-11T15:30:33-08:00,0,12
meta/main.js,38,js,02c00ba3,t6chow,2025-02-11,15:30:33,-08:00,2025-02-11T15:30:33-08:00,0,0
meta/main.js,39,js,02c00ba3,t6chow,2025-02-11,15:30:33,-08:00,2025-02-11T15:30:33-08:00,0,47
meta/main.js,40,js,02c00ba3,t6chow,2025-02-11,15:30:33,-08:00,2025-02-11T15:30:33-08:00,0,27
meta/main.js,41,js,02c00ba3,t6chow,2025-02-11,15:30:33,-08:00,2025-02-11T15:30:33-08:00,0,32
meta/main.js,42,js,02c00ba3,t6chow,2025-02-11,15:30:33,-08:00,2025-02-11T15:30:33-08:00,0,30
meta/main.js,43,js,02c00ba3,t6chow,2025-02-11,15:30:33,-08:00,2025-02-11T15:30:33-08:00,0,34
meta/main.js,44,js,02c00ba3,t6chow,2025-02-11,15:30:33,-08:00,2025-02-11T15:30:33-08:00,0,54
meta/main.js,45,js,02c00ba3,t6chow,2025-02-11,15:30:33,-08:00,2025-02-11T15:30:33-08:00,0,69
meta/main.js,46,js,02c00ba3,t6chow,2025-02-11,15:30:33,-08:00,2025-02-11T15:30:33-08:00,0,13
meta/main.js,47,js,02c00ba3,t6chow,2025-02-11,15:30:33,-08:00,2025-02-11T15:30:33-08:00,0,0
meta/main.js,48,js,02c00ba3,t6chow,2025-02-11,15:30:33,-08:00,2025-02-11T15:30:33-08:00,0,21
meta/main.js,49,js,02c00ba3,t6chow,2025-02-11,15:30:33,-08:00,2025-02-11T15:30:33-08:00,0,13
meta/main.js,50,js,02c00ba3,t6chow,2025-02-11,15:30:33,-08:00,2025-02-11T15:30:33-08:00,0,7
meta/main.js,51,js,02c00ba3,t6chow,2025-02-11,15:30:33,-08:00,2025-02-11T15:30:33-08:00,0,0
meta/main.js,52,js,02c00ba3,t6chow,2025-02-11,15:30:33,-08:00,2025-02-11T15:30:33-08:00,0,26
meta/main.js,53,js,02c00ba3,t6chow,2025-02-11,15:30:33,-08:00,2025-02-11T15:30:33-08:00,0,11
meta/main.js,54,js,02c00ba3,t6chow,2025-02-11,15:30:33,-08:00,2025-02-11T15:30:33-08:00,0,29
meta/main.js,55,js,02c00ba3,t6chow,2025-02-11,15:30:33,-08:00,2025-02-11T15:30:33-08:00,0,26
meta/main.js,56,js,02c00ba3,t6chow,2025-02-11,15:30:33,-08:00,2025-02-11T15:30:33-08:00,0,20
meta/main.js,57,js,02c00ba3,t6chow,2025-02-11,15:30:33,-08:00,2025-02-11T15:30:33-08:00,0,0
meta/main.js,58,js,02c00ba3,t6chow,2025-02-11,15:30:33,-08:00,2025-02-11T15:30:33-08:00,0,40
meta/main.js,59,js,02c00ba3,t6chow,2025-02-11,15:30:33,-08:00,2025-02-11T15:30:33-08:00,0,39
meta/main.js,60,js,02c00ba3,t6chow,2025-02-11,15:30:33,-08:00,2025-02-11T15:30:33-08:00,0,0
meta/main.js,61,js,02c00ba3,t6chow,2025-02-11,15:30:33,-08:00,2025-02-11T15:30:33-08:00,0,10
meta/main.js,62,js,02c00ba3,t6chow,2025-02-11,15:30:33,-08:00,2025-02-11T15:30:33-08:00,0,10
meta/main.js,63,js,02c00ba3,t6chow,2025-02-11,15:30:33,-08:00,2025-02-11T15:30:33-08:00,0,60
meta/main.js,64,js,02c00ba3,t6chow,2025-02-11,15:30:33,-08:00,2025-02-11T15:30:33-08:00,0,20
meta/main.js,65,js,02c00ba3,t6chow,2025-02-11,15:30:33,-08:00,2025-02-11T15:30:33-08:00,0,16
meta/main.js,66,js,02c00ba3,t6chow,2025-02-11,15:30:33,-08:00,2025-02-11T15:30:33-08:00,0,16
meta/main.js,67,js,02c00ba3,t6chow,2025-02-11,15:30:33,-08:00,2025-02-11T15:30:33-08:00,0,24
meta/main.js,68,js,02c00ba3,t6chow,2025-02-11,15:30:33,-08:00,2025-02-11T15:30:33-08:00,0,8
meta/main.js,69,js,02c00ba3,t6chow,2025-02-11,15:30:33,-08:00,2025-02-11T15:30:33-08:00,0,58
meta/main.js,70,js,02c00ba3,t6chow,2025-02-11,15:30:33,-08:00,2025-02-11T15:30:33-08:00,0,24
meta/main.js,71,js,02c00ba3,t6chow,2025-02-11,15:30:33,-08:00,2025-02-11T15:30:33-08:00,0,1
meta/main.js,72,js,02c00ba3,t6chow,2025-02-11,15:30:33,-08:00,2025-02-11T15:30:33-08:00,0,0
meta/main.js,73,js,02c00ba3,t6chow,2025-02-11,15:30:33,-08:00,2025-02-11T15:30:33-08:00,0,31
meta/main.js,74,js,02c00ba3,t6chow,2025-02-11,15:30:33,-08:00,2025-02-11T15:30:33-08:00,0,36
meta/main.js,75,js,02c00ba3,t6chow,2025-02-11,15:30:33,-08:00,2025-02-11T15:30:33-08:00,0,12
meta/main.js,76,js,02c00ba3,t6chow,2025-02-11,15:30:33,-08:00,2025-02-11T15:30:33-08:00,0,17
meta/main.js,77,js,02c00ba3,t6chow,2025-02-11,15:30:33,-08:00,2025-02-11T15:30:33-08:00,0,15
meta/main.js,78,js,02c00ba3,t6chow,2025-02-11,15:30:33,-08:00,2025-02-11T15:30:33-08:00,0,19
meta/main.js,79,js,02c00ba3,t6chow,2025-02-11,15:30:33,-08:00,2025-02-11T15:30:33-08:00,0,2
meta/main.js,80,js,02c00ba3,t6chow,2025-02-11,15:30:33,-08:00,2025-02-11T15:30:33-08:00,0,0
meta/main.js,81,js,02c00ba3,t6chow,2025-02-11,15:30:33,-08:00,2025-02-11T15:30:33-08:00,0,10
meta/main.js,82,js,02c00ba3,t6chow,2025-02-11,15:30:33,-08:00,2025-02-11T15:30:33-08:00,0,2
meta/main.js,83,js,02c00ba3,t6chow,2025-02-11,15:30:33,-08:00,2025-02-11T15:30:33-08:00,0,0
meta/main.js,84,js,02c00ba3,t6chow,2025-02-11,15:30:33,-08:00,2025-02-11T15:30:33-08:00,0,55
meta/main.js,85,js,02c00ba3,t6chow,2025-02-11,15:30:33,-08:00,2025-02-11T15:30:33-08:00,0,0
meta/main.js,86,js,02c00ba3,t6chow,2025-02-11,15:30:33,-08:00,2025-02-11T15:30:33-08:00,0,0
meta/main.js,87,js,02c00ba3,t6chow,2025-02-11,15:30:33,-08:00,2025-02-11T15:30:33-08:00,0,10
meta/index.html,1,html,4334e194,t6chow,2025-02-10,22:04:01,-08:00,2025-02-10T22:04:01-08:00,0,14
meta/index.html,2,html,4334e194,t6chow,2025-02-10,22:04:01,-08:00,2025-02-10T22:04:01-08:00,0,15
meta/index.html,3,html,4334e194,t6chow,2025-02-10,22:04:01,-08:00,2025-02-10T22:04:01-08:00,0,5
meta/index.html,4,html,4334e194,t6chow,2025-02-10,22:04:01,-08:00,2025-02-10T22:04:01-08:00,0,21
meta/index.html,5,html,4334e194,t6chow,2025-02-10,22:04:01,-08:00,2025-02-10T22:04:01-08:00,0,69
meta/index.html,6,html,4334e194,t6chow,2025-02-10,22:04:01,-08:00,2025-02-10T22:04:01-08:00,0,18
meta/index.html,7,html,4334e194,t6chow,2025-02-10,22:04:01,-08:00,2025-02-10T22:04:01-08:00,0,42
meta/index.html,8,html,4334e194,t6chow,2025-02-10,22:04:01,-08:00,2025-02-10T22:04:01-08:00,0,49
meta/index.html,9,html,02c00ba3,t6chow,2025-02-11,15:30:33,-08:00,2025-02-11T15:30:33-08:00,0,52
meta/index.html,10,html,02c00ba3,t6chow,2025-02-11,15:30:33,-08:00,2025-02-11T15:30:33-08:00,0,46
meta/index.html,11,html,4334e194,t6chow,2025-02-10,22:04:01,-08:00,2025-02-10T22:04:01-08:00,0,6
meta/index.html,12,html,4334e194,t6chow,2025-02-10,22:04:01,-08:00,2025-02-10T22:04:01-08:00,0,0
meta/index.html,13,html,4334e194,t6chow,2025-02-10,22:04:01,-08:00,2025-02-10T22:04:01-08:00,0,20
meta/index.html,14,html,4334e194,t6chow,2025-02-10,22:04:01,-08:00,2025-02-10T22:04:01-08:00,0,0
meta/index.html,15,html,4334e194,t6chow,2025-02-10,22:04:01,-08:00,2025-02-10T22:04:01-08:00,0,12
meta/index.html,16,html,4334e194,t6chow,2025-02-10,22:04:01,-08:00,2025-02-10T22:04:01-08:00,0,0
meta/index.html,17,html,4334e194,t6chow,2025-02-10,22:04:01,-08:00,2025-02-10T22:04:01-08:00,0,63
meta/index.html,18,html,02c00ba3,t6chow,2025-02-11,15:30:33,-08:00,2025-02-11T15:30:33-08:00,0,0
meta/index.html,19,html,02c00ba3,t6chow,2025-02-11,15:30:33,-08:00,2025-02-11T15:30:33-08:00,0,21
meta/index.html,20,html,4334e194,t6chow,2025-02-10,22:04:01,-08:00,2025-02-10T22:04:01-08:00,0,6
meta/index.html,21,html,4334e194,t6chow,2025-02-10,22:04:01,-08:00,2025-02-10T22:04:01-08:00,0,6
contact/index.html,1,html,a5ec477f,t6chow,2025-01-20,11:56:47,-08:00,2025-01-20T11:56:47-08:00,0,14
contact/index.html,2,html,a5ec477f,t6chow,2025-01-20,11:56:47,-08:00,2025-01-20T11:56:47-08:00,0,15
contact/index.html,3,html,a5ec477f,t6chow,2025-01-20,11:56:47,-08:00,2025-01-20T11:56:47-08:00,0,5
contact/index.html,4,html,a5ec477f,t6chow,2025-01-20,11:56:47,-08:00,2025-01-20T11:56:47-08:00,0,21
contact/index.html,5,html,a5ec477f,t6chow,2025-01-20,11:56:47,-08:00,2025-01-20T11:56:47-08:00,0,69
contact/index.html,6,html,bbf2cf86,t6chow,2025-01-25,04:00:12,-08:00,2025-01-25T04:00:12-08:00,0,21
contact/index.html,7,html,5c2ed6be,t6chow,2025-02-07,23:53:17,-08:00,2025-02-07T23:53:17-08:00,0,42
contact/index.html,8,html,5c2ed6be,t6chow,2025-02-07,23:53:17,-08:00,2025-02-07T23:53:17-08:00,0,49
contact/index.html,9,html,a5ec477f,t6chow,2025-01-20,11:56:47,-08:00,2025-01-20T11:56:47-08:00,0,6
contact/index.html,10,html,9b58013f,t6chow,2025-01-24,22:40:06,-08:00,2025-01-24T22:40:06-08:00,0,23
contact/index.html,11,html,d85de149,t6chow,2025-01-20,12:48:06,-08:00,2025-01-20T12:48:06-08:00,0,43
contact/index.html,12,html,bbf2cf86,t6chow,2025-01-25,04:00:12,-08:00,2025-01-25T04:00:12-08:00,0,9
contact/index.html,13,html,a5ec477f,t6chow,2025-01-20,11:56:47,-08:00,2025-01-20T11:56:47-08:00,0,61
contact/index.html,14,html,a5ec477f,t6chow,2025-01-20,11:56:47,-08:00,2025-01-20T11:56:47-08:00,0,0
contact/index.html,15,html,a5ec477f,t6chow,2025-01-20,11:56:47,-08:00,2025-01-20T11:56:47-08:00,0,3
contact/index.html,16,html,e92e7951,t6chow,2025-01-20,12:55:24,-08:00,2025-01-20T12:55:24-08:00,0,40
contact/index.html,17,html,a398ab72,t6chow,2025-01-20,12:58:10,-08:00,2025-01-20T12:58:10-08:00,0,53
contact/index.html,18,html,bbf2cf86,t6chow,2025-01-25,04:00:12,-08:00,2025-01-25T04:00:12-08:00,0,40
contact/index.html,19,html,9b58013f,t6chow,2025-01-24,22:40:06,-08:00,2025-01-24T22:40:06-08:00,0,43
contact/index.html,20,html,a5ec477f,t6chow,2025-01-20,11:56:47,-08:00,2025-01-20T11:56:47-08:00,0,4
contact/index.html,21,html,9b58013f,t6chow,2025-01-24,22:40:06,-08:00,2025-01-24T22:40:06-08:00,0,0
contact/index.html,22,html,bbf2cf86,t6chow,2025-01-25,04:00:12,-08:00,2025-01-25T04:00:12-08:00,0,9
contact/index.html,23,html,501328a1,t6chow,2025-01-20,12:38:22,-08:00,2025-01-20T12:38:22-08:00,0,20
contact/index.html,24,html,501328a1,t6chow,2025-01-20,12:38:22,-08:00,2025-01-20T12:38:22-08:00,0,18
contact/index.html,25,html,501328a1,t6chow,2025-01-20,12:38:22,-08:00,2025-01-20T12:38:22-08:00,0,72
contact/index.html,26,html,7bc3ae6a,t6chow,2025-01-20,13:45:30,-08:00,2025-01-20T13:45:30-08:00,0,40
contact/index.html,27,html,7bc3ae6a,t6chow,2025-01-20,13:45:30,-08:00,2025-01-20T13:45:30-08:00,0,60
contact/index.html,28,html,7bc3ae6a,t6chow,2025-01-20,13:45:30,-08:00,2025-01-20T13:45:30-08:00,0,0
contact/index.html,29,html,7bc3ae6a,t6chow,2025-01-20,13:45:30,-08:00,2025-01-20T13:45:30-08:00,0,36
contact/index.html,30,html,7bc3ae6a,t6chow,2025-01-20,13:45:30,-08:00,2025-01-20T13:45:30-08:00,0,63
contact/index.html,31,html,7bc3ae6a,t6chow,2025-01-20,13:45:30,-08:00,2025-01-20T13:45:30-08:00,0,0
contact/index.html,32,html,7bc3ae6a,t6chow,2025-01-20,13:45:30,-08:00,2025-01-20T13:45:30-08:00,0,33
contact/index.html,33,html,7bc3ae6a,t6chow,2025-01-20,13:45:30,-08:00,2025-01-20T13:45:30-08:00,0,78
contact/index.html,34,html,7bc3ae6a,t6chow,2025-01-20,13:45:30,-08:00,2025-01-20T13:45:30-08:00,0,0
contact/index.html,35,html,7bc3ae6a,t6chow,2025-01-20,13:45:30,-08:00,2025-01-20T13:45:30-08:00,0,28
contact/index.html,36,html,501328a1,t6chow,2025-01-20,12:38:22,-08:00,2025-01-20T12:38:22-08:00,0,6
contact/index.html,37,html,501328a1,t6chow,2025-01-20,12:38:22,-08:00,2025-01-20T12:38:22-08:00,0,0
contact/index.html,38,html,a5ec477f,t6chow,2025-01-20,11:56:47,-08:00,2025-01-20T11:56:47-08:00,0,6
contact/index.html,39,html,a5ec477f,t6chow,2025-01-20,11:56:47,-08:00,2025-01-20T11:56:47-08:00,0,6
